iter	Accuracy	Logloss
0	0.942109921	0.6393379004
1	0.942109921	0.5916630014
2	0.942109921	0.549702652
3	0.942109921	0.5115047338
4	0.942109921	0.4787207821
5	0.942109921	0.4480505793
6	0.942109921	0.4213301616
7	0.942109921	0.3984169268
8	0.942109921	0.3780132358
9	0.942109921	0.3581210545
10	0.942109921	0.3414431484
11	0.942109921	0.3259195034
12	0.942109921	0.3124418202
13	0.942109921	0.2993809842
14	0.942109921	0.2870888158
15	0.942109921	0.2772876831
16	0.942109921	0.2683030748
17	0.942109921	0.2602599317
18	0.942109921	0.2526240651
19	0.942109921	0.2455734562
20	0.942109921	0.239800555
21	0.942109921	0.2331892339
22	0.942109921	0.2267960587
23	0.942109921	0.2212013418
24	0.942109921	0.2162020869
25	0.942109921	0.2115966818
26	0.942109921	0.2078266052
27	0.942109921	0.2042309851
28	0.942109921	0.2009558977
29	0.9421404376	0.1981049023
30	0.9421709543	0.1951954443
31	0.9421709543	0.1928493526
32	0.9421709543	0.1908096295
33	0.9424456041	0.1889156767
34	0.9432695535	0.1871525326
35	0.9433000702	0.1853504453
36	0.9433611035	0.1838403362
37	0.9435136867	0.1824103998
38	0.9437883365	0.1812029099
39	0.944093503	0.1797860291
40	0.9446428026	0.1787147082
41	0.9449174525	0.1778466654
42	0.9452836522	0.1769693553
43	0.9455888187	0.1761808055
44	0.9457414019	0.175394982
45	0.9459550185	0.174717051
46	0.946168635	0.1742313188
47	0.946168635	0.1736248759
48	0.9463517349	0.173111167
49	0.9463212182	0.1726098464
50	0.946595868	0.1721070365
51	0.9468400012	0.1716281901
52	0.9469620678	0.1709436859
53	0.947114651	0.1702168138
54	0.947206201	0.1695998424
55	0.9472672343	0.1690555883
56	0.9473893009	0.1685897671
57	0.9472672343	0.1683848601
58	0.9473587842	0.1680686341
59	0.9473893009	0.1677733281
60	0.9474808508	0.1673065238
61	0.9474808508	0.167044247
62	0.9474198175	0.1667434695
63	0.947633434	0.1664160882
64	0.947633434	0.166202384
65	0.9477860173	0.1659224993
66	0.9479691172	0.1652154734
67	0.9480606671	0.1647037122
68	0.9481827337	0.1642281412
69	0.9485489334	0.1637745829
70	0.9485794501	0.1633387952
71	0.9485794501	0.1629393885
72	0.9485184168	0.1626167684
73	0.9486404834	0.1623295093
74	0.9485794501	0.1618997834
75	0.9487320333	0.1617009276
76	0.9489761665	0.161436879
77	0.9495254661	0.1610749156
78	0.9497390827	0.1606000405
79	0.9499526992	0.1601377525
80	0.9501052824	0.1596440349
81	0.9501968324	0.1592029314
82	0.9503494156	0.1588831962
83	0.9506545821	0.158615688
84	0.9507156154	0.1584166977
85	0.9508071653	0.1582156666
86	0.9507156154	0.158108523
87	0.950746132	0.1579181141
88	0.9508681986	0.1577573504
89	0.9508681986	0.1574635038
90	0.9508987152	0.1574561411
91	0.9509292319	0.1572974738
92	0.9510207818	0.1571450326
93	0.9510818151	0.1570206606
94	0.9510512985	0.1568818326
95	0.9510207818	0.1566863271
96	0.9509902652	0.1565699193
97	0.9510512985	0.1565396984
98	0.9510512985	0.1564052408
99	0.9510818151	0.1563359345
100	0.9512038817	0.1561790792
101	0.9511733651	0.1561680973
102	0.9511733651	0.1560777111
103	0.9513259483	0.1560035494
104	0.951356465	0.1559834846
105	0.9514480149	0.1557481725
106	0.9514480149	0.1555058492
107	0.9514480149	0.1554724222
108	0.9514480149	0.15535054
109	0.9514480149	0.1553337545
110	0.9515090482	0.155279549
111	0.9515090482	0.1552512771
112	0.9515395648	0.1551765006
113	0.9515090482	0.1551536639
114	0.9515700815	0.1551127645
115	0.9516311148	0.155008859
116	0.9516921481	0.1548776836
117	0.951783698	0.1548627178
118	0.9516921481	0.1548041321
119	0.9517226647	0.1547795274
120	0.9517226647	0.1547025842
121	0.9517226647	0.15457066
122	0.9517531814	0.1545571391
123	0.9518752479	0.1544388185
124	0.9519057646	0.1542923318
125	0.9518447313	0.1542510748
126	0.951783698	0.1541844881
127	0.9519362812	0.1540897783
128	0.9519362812	0.1539678066
129	0.9518752479	0.1538183949
130	0.9519057646	0.1537142955
131	0.9518752479	0.1537038605
132	0.9519973145	0.1536449869
133	0.9520888645	0.1535361774
134	0.9521498978	0.1535270565
135	0.9521804144	0.1534275187
136	0.9521804144	0.1534121951
137	0.9522109311	0.1533845453
138	0.9522719644	0.1533025447
139	0.9522719644	0.1532706746
140	0.9522719644	0.1532580606
141	0.9522719644	0.1532244667
142	0.9523635143	0.153159136
143	0.9524245476	0.152975222
144	0.9524550642	0.1529155824
145	0.9524550642	0.1528837944
146	0.9525466142	0.1527958436
147	0.9526076475	0.1527362196
148	0.9526076475	0.1527329396
149	0.9526076475	0.1527326555
150	0.9525771308	0.1525460697
151	0.9526381641	0.15254008
152	0.9526381641	0.1525199382
153	0.9526686808	0.1524735607
154	0.9527297141	0.1523914842
155	0.9527297141	0.1523210686
156	0.9527297141	0.1523169972
157	0.9526381641	0.1522912484
158	0.9526381641	0.152278357
159	0.9526991974	0.1522366733
160	0.9526686808	0.152219667
161	0.9527297141	0.152168114
162	0.9526686808	0.1520881164
163	0.9527297141	0.1520782159
164	0.9526686808	0.152064166
165	0.9526991974	0.1520495406
166	0.9526991974	0.1519639269
167	0.9526991974	0.1519632767
168	0.9527602307	0.151948368
169	0.9527602307	0.1519321261
170	0.952821264	0.1518139558
171	0.9527907474	0.1518135704
172	0.9527907474	0.1518067448
173	0.9527907474	0.1518022599
174	0.9528517806	0.1517613079
175	0.952821264	0.1517539318
176	0.9529128139	0.151705874
177	0.9529128139	0.1517045069
178	0.9529433306	0.1516946131
179	0.9529128139	0.1516416143
180	0.9529128139	0.1515724622
181	0.9528822973	0.1514667016
182	0.9529433306	0.1514254338
183	0.9529128139	0.1514176332
184	0.9529433306	0.1513855836
185	0.9529738472	0.151305723
186	0.9529433306	0.1512950393
187	0.9529738472	0.1512949942
188	0.9529738472	0.1512897647
189	0.9529128139	0.1512277006
190	0.9529738472	0.1511046888
191	0.9530043639	0.1510713184
192	0.9530043639	0.1510656409
193	0.9530043639	0.1510082517
194	0.9530043639	0.1509994045
195	0.9529738472	0.1509901741
196	0.9530043639	0.1509843212
197	0.9530653972	0.1509592193
198	0.9530653972	0.1509573728
199	0.9530653972	0.1509474816
200	0.9530959138	0.1508691416
201	0.9531569471	0.1508640753
202	0.9531569471	0.1508602128
203	0.9531264305	0.1508186789
204	0.9531264305	0.1508163192
205	0.9531569471	0.1507535025
206	0.9531569471	0.1507532102
207	0.9531569471	0.1507449484
208	0.9532179804	0.150715343
209	0.9532179804	0.1507129665
210	0.9532484971	0.1506905121
211	0.9532484971	0.1506904926
212	0.9532790137	0.1506498341
213	0.9533095303	0.1505977268
214	0.9533095303	0.1505817368
215	0.9532484971	0.1505492858
216	0.9532484971	0.150545613
217	0.9533095303	0.1504956504
218	0.9532790137	0.1504942857
219	0.953340047	0.1504726694
220	0.9533705636	0.1504224971
221	0.9533705636	0.1503685071
222	0.9533705636	0.150357774
223	0.9533705636	0.150354863
224	0.9533095303	0.1502995783
225	0.9533095303	0.1502984377
226	0.9534315969	0.1501632426
227	0.9534926302	0.1501606143
228	0.9535841802	0.1500775359
229	0.9535231469	0.1500724259
230	0.9535231469	0.1500629081
231	0.9536146968	0.1500097215
232	0.9536146968	0.1500069496
233	0.9536452135	0.150002914
234	0.9536452135	0.1500027753
235	0.9536146968	0.14996306
236	0.9536452135	0.1499277424
237	0.9536452135	0.1499277165
238	0.9536146968	0.149900937
239	0.9536757301	0.1498987263
240	0.9536757301	0.1498905771
241	0.9535841802	0.1498551756
242	0.9536452135	0.1498349076
243	0.9535841802	0.1497272857
244	0.9536757301	0.1497205887
245	0.9537062468	0.1497029253
246	0.9537977967	0.1496667631
247	0.9537977967	0.1496435199
248	0.9537367634	0.1496031496
249	0.9538283133	0.1495333191
250	0.9537977967	0.1495063118
251	0.9538893466	0.149460906
252	0.9539198633	0.149453622
253	0.9539198633	0.1494245759
254	0.9539198633	0.1494069769
255	0.95385883	0.1493782075
256	0.9537977967	0.1493325763
257	0.9538893466	0.1492855874
258	0.9538893466	0.1492570042
259	0.9538893466	0.1492402507
260	0.9538893466	0.1492232346
261	0.9539198633	0.1491816324
262	0.9538893466	0.1491460463
263	0.9539198633	0.1490213438
264	0.9540114132	0.1489580351
265	0.9539808966	0.1489513461
266	0.9541029632	0.1488815043
267	0.9541334798	0.1488156325
268	0.9541029632	0.1487791288
269	0.9541029632	0.1487715453
270	0.9540724465	0.1487676926
271	0.9540419299	0.1487474277
272	0.9540724465	0.1487215629
273	0.9541639965	0.1486670326
274	0.9541029632	0.1486471312
275	0.9540114132	0.1485427902
276	0.9540114132	0.1485208102
277	0.9540419299	0.1484949497
278	0.9540419299	0.1484530496
279	0.9540419299	0.1483746346
280	0.9540724465	0.1483444362
281	0.9542555464	0.1482773795
282	0.9542555464	0.1482750065
283	0.954286063	0.1482412337
284	0.9544081296	0.1481832913
285	0.9544081296	0.1481467308
286	0.954377613	0.1481182848
287	0.954377613	0.1481087689
288	0.954377613	0.1480880238
289	0.9544081296	0.1479974236
290	0.9543470963	0.1479726713
291	0.9544996796	0.1479187014
292	0.9544996796	0.1478720322
293	0.9544386463	0.1478646272
294	0.9545607129	0.147825362
295	0.9545607129	0.1477610038
296	0.9545912295	0.1477461102
297	0.9545607129	0.1477225311
298	0.9544996796	0.1476870737
299	0.9545607129	0.1476498433
300	0.9545301962	0.1476375931
301	0.9546522628	0.1475897078
302	0.9546827795	0.1475185505
303	0.9547132961	0.14746547
304	0.9547438127	0.1474449454
305	0.9547438127	0.147426969
306	0.9547438127	0.147421826
307	0.9547438127	0.1474080694
308	0.9547743294	0.147350559
309	0.954804846	0.147303907
310	0.954804846	0.1472836964
311	0.954804846	0.1472489475
312	0.954804846	0.1471977298
313	0.9548658793	0.1471815619
314	0.954804846	0.1470998749
315	0.9548658793	0.1470861032
316	0.954896396	0.1470789074
317	0.954896396	0.1470700855
318	0.954896396	0.1470603045
319	0.9548658793	0.1470296482
320	0.954896396	0.1470175599
321	0.9549269126	0.147010943
322	0.9550489792	0.146966859
323	0.9550794959	0.1469366784
324	0.9550794959	0.1468914299
325	0.9550794959	0.1468737213
326	0.9550794959	0.1468449095
327	0.9551405292	0.1468176396
328	0.9551100125	0.1468020406
329	0.9550794959	0.1467873882
330	0.9551405292	0.1467762194
331	0.9551405292	0.1467664735
332	0.9551100125	0.146753089
333	0.9550489792	0.1467304055
334	0.9550489792	0.146716252
335	0.9551100125	0.1466954986
336	0.9551100125	0.1466843678
337	0.9550794959	0.1466334644
338	0.9550794959	0.1466273337
339	0.9551100125	0.1466206763
340	0.9551100125	0.1466110368
341	0.9551405292	0.1465799485
342	0.9551405292	0.14656006
343	0.9551710458	0.1465095956
344	0.9552015625	0.1464991964
345	0.9551405292	0.146488083
346	0.9551100125	0.1464624684
347	0.9551100125	0.1464618352
348	0.9551710458	0.1463935147
349	0.9551710458	0.1463905558
350	0.9551710458	0.1463838188
351	0.9551710458	0.1463834732
352	0.9551710458	0.1463772807
353	0.9551710458	0.1463769015
354	0.9551710458	0.146356816
355	0.9551405292	0.146355174
356	0.9551710458	0.1463256694
357	0.9551710458	0.1463102585
358	0.9551710458	0.1462958126
359	0.9551710458	0.1462905835
360	0.9551710458	0.1462900082
361	0.9552625957	0.1462396215
362	0.9552320791	0.1462223583
363	0.9552015625	0.1461939572
364	0.9552015625	0.146175977
365	0.9552320791	0.1461068253
366	0.9552931124	0.1460455887
367	0.955323629	0.1460202599
368	0.9552625957	0.1459948203
369	0.9552931124	0.1459636376
370	0.9552625957	0.1459099692
371	0.955323629	0.1458777631
372	0.9552625957	0.1458646102
373	0.9554456956	0.1458364462
374	0.9553846623	0.1458285875
375	0.9555067289	0.1457530901
376	0.9555067289	0.1457405385
377	0.9555067289	0.1457362836
378	0.9555067289	0.1457201772
379	0.9554762123	0.1456845638
380	0.9555067289	0.1456597945
381	0.9555982789	0.1456047876
382	0.9555372456	0.1455961947
383	0.9555372456	0.1455877166
384	0.9554762123	0.1455598015
385	0.9555677622	0.145541351
386	0.9555067289	0.1455301836
387	0.9555067289	0.1455269011
388	0.9555067289	0.1455044198
389	0.9555677622	0.1454835138
390	0.9555677622	0.1454737408
391	0.9555372456	0.1454499332
392	0.9555067289	0.1454444404
393	0.9555067289	0.1454392523
394	0.9554762123	0.1454190246
395	0.9554456956	0.145389963
396	0.9554456956	0.1453791918
397	0.9554456956	0.1453743937
398	0.9554456956	0.1453618222
399	0.9554456956	0.1453614516
400	0.9554762123	0.1453486023
401	0.9553846623	0.1453256281
402	0.9555067289	0.1453024519
403	0.9555372456	0.1452819015
404	0.9555067289	0.1452253963
405	0.9555372456	0.1452063587
406	0.9556898288	0.1451528503
407	0.9556287955	0.1451162686
408	0.9556593122	0.1450926826
409	0.9556593122	0.1450915578
410	0.9556593122	0.1450842207
411	0.9557813787	0.1450511167
412	0.9559034453	0.1450357636
413	0.9556898288	0.1450108408
414	0.9556898288	0.1449979952
415	0.9556898288	0.1449790314
416	0.9556898288	0.1449761535
417	0.9557203454	0.1449660903
418	0.9558118954	0.1449446188
419	0.9558118954	0.1449410379
420	0.9556898288	0.1449267039
421	0.9556593122	0.1448763295
422	0.9556593122	0.1448595842
423	0.9556593122	0.1448413722
424	0.9557203454	0.1447679317
425	0.9557508621	0.1447613148
426	0.9557508621	0.1447608471
427	0.9557508621	0.1447362206
428	0.9557508621	0.1447215306
429	0.9557508621	0.1447212186
430	0.9557508621	0.1447085975
431	0.955842412	0.1446519961
432	0.9558118954	0.1446476613
433	0.955842412	0.1446353753
434	0.9558729287	0.1445854302
435	0.955933962	0.1445817204
436	0.9559034453	0.1445771484
437	0.9559034453	0.1445764532
438	0.9558729287	0.1445573728
439	0.9559644786	0.144505965
440	0.9560255119	0.1444773335
441	0.9560255119	0.1444658611
442	0.9559644786	0.1444243929
443	0.9559644786	0.1444128889
444	0.9559949953	0.1444096254
445	0.9560560286	0.1444006613
446	0.955933962	0.1443595535
447	0.955933962	0.1443584928
448	0.9559644786	0.1443549393
449	0.9560255119	0.1443503459
450	0.9560560286	0.1443340165
451	0.9561170619	0.1443191021
452	0.9561170619	0.1443158498
453	0.9561170619	0.1443102791
454	0.9561475785	0.1442982564
455	0.9561170619	0.1442875509
456	0.9561170619	0.1442873136
457	0.9560865452	0.1442797324
458	0.9560560286	0.1442695861
459	0.9560560286	0.1442650081
460	0.9559644786	0.1442480468
461	0.9559644786	0.1442462067
462	0.9559949953	0.1442387135
463	0.9559949953	0.14423772
464	0.9559949953	0.1442375466
465	0.9560255119	0.1442328933
466	0.9560255119	0.1442238942
467	0.9560865452	0.1442092995
468	0.9560865452	0.1442083323
469	0.9560560286	0.1441560801
470	0.9560560286	0.1441529289
471	0.9561475785	0.1440922761
472	0.9561780952	0.1440914646
473	0.9561780952	0.1440874628
474	0.9562086118	0.1440272935
475	0.9561475785	0.1440226757
476	0.9562696451	0.1439580081
477	0.9562696451	0.1439076641
478	0.9562086118	0.1438684262
479	0.9562086118	0.1438552544
480	0.9563306784	0.1437902891
481	0.9563306784	0.1437860879
482	0.9563306784	0.143778755
483	0.9563306784	0.1437760919
484	0.9563917117	0.1437616173
485	0.9563917117	0.1437566309
486	0.9563917117	0.1437563147
487	0.9563306784	0.1437457987
488	0.9563306784	0.1437301387
489	0.9563306784	0.1437236431
490	0.9563306784	0.1437043148
491	0.9563306784	0.1437027667
492	0.956361195	0.1436883588
493	0.9565137783	0.1436304032
494	0.9565137783	0.1436287177
495	0.9565442949	0.1436039527
496	0.9565442949	0.1436038902
497	0.9565442949	0.1436007798
498	0.9564832616	0.1435723417
499	0.9564832616	0.1435722142
500	0.9564832616	0.1435697355
501	0.9564832616	0.1435622126
502	0.9564832616	0.1435620918
503	0.956452745	0.1435602625
504	0.956452745	0.1435601655
505	0.956452745	0.1435576158
506	0.9564222283	0.1435322334
507	0.9564222283	0.1435279431
508	0.9564222283	0.1435236201
509	0.9565137783	0.143514218
510	0.9565137783	0.1435140679
511	0.9564832616	0.1434961724
512	0.9564832616	0.1434953244
513	0.9564832616	0.1434660011
514	0.9564832616	0.1434659096
515	0.9565137783	0.1434510183
516	0.9565137783	0.1434312148
517	0.9565442949	0.1434200914
518	0.9565137783	0.1433893053
519	0.9565137783	0.1433886635
520	0.9565442949	0.1433859379
521	0.9565748116	0.1433759932
522	0.9565748116	0.1433515938
523	0.9566358449	0.1433490537
524	0.9566358449	0.1433349307
525	0.9566358449	0.1433083548
526	0.9566358449	0.1433070279
527	0.9566663615	0.1432981757
528	0.9567579114	0.1432614915
529	0.9567579114	0.1432605715
530	0.9566968781	0.1432508179
531	0.9567579114	0.1432489513
532	0.9567273948	0.1432477876
533	0.9567273948	0.1432470614
534	0.9567273948	0.143232807
535	0.9567273948	0.1432286939
536	0.9566663615	0.1431614319
537	0.9566663615	0.1431549128
538	0.9566968781	0.1431417349
539	0.9567273948	0.1431328567
540	0.9566968781	0.1430926478
541	0.9567579114	0.1430600025
542	0.9567273948	0.1430471026
543	0.9567273948	0.1430189431
544	0.9567273948	0.1429940631
545	0.9566968781	0.1429352928
546	0.9567579114	0.1429321171
547	0.9567579114	0.1429257814
548	0.9567579114	0.142906894
549	0.9567579114	0.1429059828
550	0.9567579114	0.1428893163
551	0.9567579114	0.1428887266
552	0.9567579114	0.1428754065
553	0.9567884281	0.1428647798
554	0.9568189447	0.1428288517
555	0.9567884281	0.1428205071
556	0.9567579114	0.1427783857
557	0.9567579114	0.1427731051
558	0.9568494614	0.1427561439
559	0.9568494614	0.1427520317
560	0.9568494614	0.1427513861
561	0.9567579114	0.14274091
562	0.9568494614	0.1427142151
563	0.956879978	0.1426999565
564	0.956879978	0.142653156
565	0.956879978	0.142653004
566	0.956879978	0.1426528765
567	0.956879978	0.1426468266
568	0.956879978	0.1426334937
569	0.956879978	0.1426320819
570	0.956879978	0.1426317773
571	0.956879978	0.1426293494
572	0.956879978	0.1426059541
573	0.9568494614	0.1425683016
574	0.956879978	0.1425620283
575	0.9569104947	0.1425381553
576	0.9569104947	0.1425360299
577	0.956879978	0.1425320146
578	0.956879978	0.1425313609
579	0.9568494614	0.1425239135
580	0.956879978	0.1425184368
581	0.9568189447	0.1424988265
582	0.9568189447	0.142498432
583	0.956879978	0.1424566375
584	0.9568494614	0.1424513385
585	0.956971528	0.1424365665
586	0.9569410113	0.1424320631
587	0.9569410113	0.1424319475
588	0.9569410113	0.1424303856
589	0.9570325613	0.1424084844
590	0.9570020446	0.1424073872
591	0.956971528	0.1423546139
592	0.9569410113	0.1422850157
593	0.9569410113	0.1422831894
594	0.9570325613	0.1422634256
595	0.956971528	0.1421795402
596	0.9569410113	0.1421648019
597	0.9569104947	0.1421526542
598	0.9570630779	0.1421300033
599	0.9570630779	0.1421229822
600	0.9570630779	0.1421227666
601	0.9571241112	0.1421089675
602	0.9571241112	0.1421088512
603	0.9571851445	0.1420710416
604	0.9571851445	0.142055462
605	0.9571851445	0.1420505268
606	0.9572156611	0.1420342668
607	0.9572156611	0.1420320615
608	0.9572156611	0.1420259257
609	0.9572461778	0.1420020288
610	0.9572461778	0.1419999913
611	0.9572766944	0.1419954533
612	0.9572766944	0.1419897542
613	0.9573072111	0.1419875668
614	0.9573072111	0.141978066
615	0.9573072111	0.1419683023
616	0.9573072111	0.1419663091
617	0.9572766944	0.141958441
618	0.9572766944	0.1419538221
619	0.9572766944	0.141953458
620	0.9572766944	0.1419533506
621	0.9572766944	0.1419387745
622	0.9572156611	0.1419062878
623	0.9571851445	0.141881021
624	0.9571851445	0.1418729711
625	0.9571851445	0.1418728712
626	0.9572156611	0.1418518446
627	0.9572156611	0.1418483074
628	0.9572156611	0.1418461145
629	0.9571851445	0.1418170959
630	0.9572156611	0.1418051394
631	0.9572461778	0.1417979358
632	0.9572461778	0.141797732
633	0.9572156611	0.1417940772
634	0.9571851445	0.1417903787
635	0.9572461778	0.1417822078
636	0.9572461778	0.1417676825
637	0.9572461778	0.1417660207
638	0.9572766944	0.1417653481
639	0.9571546278	0.1417532751
640	0.9571546278	0.1417532065
641	0.9572156611	0.1417424441
642	0.9572156611	0.1417416178
643	0.9572766944	0.1417308027
644	0.9571851445	0.1417199225
645	0.9571546278	0.1417104758
646	0.9572156611	0.1417078242
647	0.9572156611	0.1417077369
648	0.9573072111	0.1416975328
649	0.9573377277	0.141685628
650	0.9573072111	0.1416855597
651	0.9573072111	0.1416826176
652	0.9572461778	0.1416593994
653	0.9572156611	0.1416214934
654	0.9572156611	0.1416207457
655	0.9572461778	0.1416104613
656	0.9572766944	0.1415922747
657	0.9572766944	0.1415907846
658	0.9573377277	0.1415573688
659	0.9573377277	0.1415573225
660	0.957398761	0.1415544389
661	0.957398761	0.1415492306
662	0.9574292777	0.1415465392
663	0.957398761	0.1415287341
664	0.957398761	0.1415280926
665	0.957398761	0.1414985967
666	0.957398761	0.1414856286
667	0.957398761	0.1414843044
668	0.957398761	0.1414805482
669	0.957398761	0.1414797482
670	0.957398761	0.1414791063
671	0.957398761	0.1414654046
672	0.9573682444	0.1414606844
673	0.9573377277	0.1414539502
674	0.9574292777	0.1414481373
675	0.9574292777	0.1414480637
676	0.9573682444	0.1414170459
677	0.9573377277	0.1413998687
678	0.9573377277	0.1413907834
679	0.9573377277	0.141370743
680	0.9573377277	0.141355906
681	0.9573377277	0.1413378048
682	0.9573377277	0.1413366395
683	0.9573377277	0.1413308354
684	0.9573377277	0.1413281976
685	0.9573377277	0.1413280814
686	0.9573377277	0.1413143611
687	0.9573377277	0.1413143431
688	0.9573682444	0.141294168
689	0.9573682444	0.1412904928
690	0.9573682444	0.1412694012
691	0.9573682444	0.1412691526
692	0.9573682444	0.1412543055
693	0.957490311	0.141198661
694	0.957490311	0.1411985856
695	0.957490311	0.1411763229
696	0.957490311	0.1411678435
697	0.9575513443	0.1411373503
698	0.9575818609	0.1411281541
699	0.9576123776	0.1411038844
700	0.9576123776	0.1411033756
701	0.9576123776	0.141099277
702	0.9576123776	0.1410977234
703	0.9576123776	0.1410976729
704	0.9576123776	0.1410948198
705	0.9575818609	0.1410803281
706	0.9575818609	0.1410783919
707	0.9576123776	0.1410640355
708	0.9576123776	0.1410640188
709	0.9576123776	0.1410626536
710	0.9576123776	0.1410598975
711	0.9576123776	0.1410598183
712	0.9576123776	0.1410578991
713	0.9576123776	0.1410444118
714	0.9576123776	0.1410325506
715	0.9576123776	0.1410236023
716	0.9576123776	0.1409827138
717	0.9576123776	0.1409696464
718	0.9576123776	0.14095903
719	0.9576123776	0.1409552883
720	0.9576123776	0.1409385271
721	0.9576123776	0.1409343125
722	0.9576123776	0.1409338693
723	0.9576123776	0.1409336139
724	0.9576123776	0.1409324596
725	0.9576428942	0.1409269322
726	0.9575818609	0.1409025065
727	0.9575513443	0.1408758371
728	0.9575818609	0.1408639866
729	0.9575818609	0.140863446
730	0.9575513443	0.1408523469
731	0.9575818609	0.1408511379
732	0.9575513443	0.1408354885
733	0.9576734108	0.1408033149
734	0.9576734108	0.1408027892
735	0.9576123776	0.1407984209
736	0.9576123776	0.1407956985
737	0.9576123776	0.1407952927
738	0.9576123776	0.1407927361
739	0.9576123776	0.1407925322
740	0.9576123776	0.1407839874
741	0.9576123776	0.1407810377
742	0.9576123776	0.1407780074
743	0.9575818609	0.1407742723
744	0.9575513443	0.1407678064
745	0.9575513443	0.1407583806
746	0.9575513443	0.140758164
747	0.9575818609	0.1407453871
748	0.9575818609	0.1407169175
749	0.9575818609	0.1407160116
750	0.9575818609	0.1407100157
751	0.9575513443	0.1407071456
752	0.9575818609	0.1406885657
753	0.9575513443	0.1406843994
754	0.9575818609	0.1406821485
755	0.9575818609	0.1406816797
756	0.9575818609	0.1406667123
757	0.9576734108	0.1406530066
758	0.9576734108	0.140648066
759	0.9576734108	0.1406444008
760	0.9575818609	0.1406267417
761	0.9575818609	0.1406267271
762	0.9575818609	0.1406255645
763	0.9575818609	0.1406049298
764	0.9576123776	0.1405955421
765	0.9575208276	0.140556213
766	0.9575208276	0.1405529465
767	0.9575208276	0.1404905779
768	0.9575513443	0.1404747007
769	0.9575513443	0.1404734077
770	0.9575818609	0.1404563444
771	0.9576123776	0.1404503041
772	0.9576123776	0.1404431905
773	0.9576428942	0.1403896563
774	0.9575818609	0.1403821465
775	0.9575818609	0.1403793409
776	0.9577039275	0.1403475456
777	0.9577039275	0.1403440205
778	0.9576734108	0.1403389725
779	0.9576734108	0.1403366662
780	0.9577039275	0.1403175017
781	0.9577954774	0.1402911444
782	0.9578259941	0.1402904803
783	0.9577954774	0.1402822811
784	0.9577649608	0.140267826
785	0.9577954774	0.1402571218
786	0.9577954774	0.1402462509
787	0.9578259941	0.1402437893
788	0.9577954774	0.1402107135
789	0.9577954774	0.1402101657
790	0.9577954774	0.1402096363
791	0.9578565107	0.1401914327
792	0.9578870274	0.1401507545
793	0.9579480607	0.1401469099
794	0.957917544	0.1401446615
795	0.9579785773	0.1401404253
796	0.9579785773	0.1401387565
797	0.9579785773	0.1401363198
798	0.958009094	0.1401145707
799	0.9579785773	0.1401033921
800	0.9579785773	0.1400910323
801	0.9579785773	0.1400901262
802	0.9579785773	0.1400901126
803	0.9579785773	0.1400899033
804	0.9579785773	0.1400897825
805	0.958009094	0.140087441
806	0.958009094	0.140078777
807	0.958009094	0.1400747098
808	0.958009094	0.1400730865
809	0.958009094	0.1400703135
810	0.958009094	0.1400687521
811	0.958009094	0.1400603478
812	0.958009094	0.1400591317
813	0.9579785773	0.1400512592
814	0.9579785773	0.1400512133
815	0.9580396106	0.1400381637
816	0.9581616772	0.1400180948
817	0.9581921938	0.1400127473
818	0.9581921938	0.1400033578
819	0.9582532271	0.139996173
820	0.9582227105	0.1399885499
821	0.9582227105	0.1399872123
822	0.9582227105	0.1399743348
823	0.9582837438	0.1399547459
824	0.9583142604	0.1399506646
825	0.9582227105	0.1399134629
826	0.9582532271	0.1398909643
827	0.9582227105	0.139879498
828	0.9582227105	0.1398792092
829	0.9581921938	0.139861089
830	0.9581921938	0.1398563378
831	0.9581921938	0.1398531183
832	0.9581921938	0.1398529743
833	0.9581921938	0.1398528838
834	0.9582227105	0.1398288251
835	0.9582227105	0.1398287767
836	0.9582227105	0.1398283112
837	0.9582532271	0.1398173264
838	0.9582227105	0.1398149962
839	0.9582227105	0.1398148638
840	0.9582227105	0.1398147162
841	0.9582227105	0.1398069972
842	0.9582227105	0.1398039502
843	0.9582227105	0.1398011899
844	0.9582227105	0.1398011439
845	0.9582227105	0.1397994229
846	0.9582227105	0.1397989954
847	0.9582227105	0.1397888741
848	0.9582227105	0.1397795876
849	0.9582837438	0.1397562656
850	0.9582837438	0.1397554595
851	0.9582837438	0.1397545575
852	0.9582837438	0.1397537355
853	0.9582532271	0.1397485102
854	0.9582532271	0.1397484849
855	0.9582837438	0.1397007935
856	0.9582837438	0.139700732
857	0.9582837438	0.1397003379
858	0.9582837438	0.1396972568
859	0.9582837438	0.1396971815
860	0.9582837438	0.13967168
861	0.9583142604	0.1396627235
862	0.9583142604	0.1396483296
863	0.9582837438	0.1396441903
864	0.9582837438	0.1396419192
865	0.9582837438	0.1396416502
866	0.9582837438	0.1396389493
867	0.9582837438	0.1396282616
868	0.9582837438	0.1396124597
869	0.9583142604	0.139603393
870	0.9583447771	0.1395977251
871	0.9583447771	0.1395959714
872	0.9583447771	0.1395950406
873	0.9583752937	0.1395944141
874	0.9583752937	0.1395937388
875	0.9583447771	0.1395920403
876	0.9583752937	0.139591976
877	0.9583752937	0.1395908351
878	0.9583142604	0.1395866429
879	0.9583142604	0.1395836807
880	0.9583142604	0.1395826853
881	0.9583447771	0.1395617425
882	0.9583447771	0.139561375
883	0.9583447771	0.139561351
884	0.9583447771	0.1395613104
885	0.9583447771	0.139560989
886	0.9583447771	0.1395569293
887	0.9583447771	0.1395569046
888	0.9583447771	0.1395553248
889	0.9583447771	0.1395544963
890	0.9583752937	0.1395308148
891	0.9583752937	0.1395306667
892	0.9583752937	0.1395299889
893	0.9583752937	0.1395274992
894	0.9583447771	0.1395202099
895	0.9583752937	0.1395009282
896	0.9583752937	0.139498662
897	0.9583752937	0.1394974325
898	0.9583752937	0.1394944695
899	0.9583752937	0.1394941531
900	0.9583752937	0.1394926058
901	0.9583752937	0.1394912516
902	0.9583752937	0.1394908404
903	0.9583752937	0.139490833
904	0.9583752937	0.1394814223
905	0.9583752937	0.139478223
906	0.9583752937	0.1394779616
907	0.9583142604	0.1394646146
908	0.9583142604	0.1394646073
909	0.9583447771	0.1394128125
910	0.958436327	0.1394027054
911	0.9584668437	0.1393912637
912	0.958436327	0.1393608455
913	0.958436327	0.1393540584
914	0.958436327	0.1393540315
915	0.958436327	0.1393493019
916	0.958436327	0.1393492039
917	0.958436327	0.1393377758
918	0.958436327	0.1393313125
919	0.9584058104	0.1393200471
920	0.9584058104	0.1393198363
921	0.958436327	0.1392652544
922	0.9584058104	0.1392524448
923	0.9584058104	0.1392523503
924	0.9584058104	0.1392463401
925	0.9584058104	0.1392398725
926	0.9584058104	0.1392392582
927	0.9584058104	0.1392353374
928	0.958436327	0.1391989947
929	0.958436327	0.139198467
930	0.9584668437	0.139172839
931	0.9584668437	0.1391728311
932	0.958436327	0.1391705571
933	0.958436327	0.139167043
934	0.958436327	0.1391670038
935	0.9584058104	0.1391558209
936	0.9583752937	0.1391506293
937	0.9583752937	0.1391498444
938	0.9584668437	0.1391311748
939	0.9584973603	0.1391274919
940	0.9584973603	0.1391263303
941	0.9584973603	0.1391046415
942	0.9584973603	0.1390905682
943	0.9585583936	0.1390825391
944	0.9585583936	0.1390786491
945	0.9585583936	0.1390786164
946	0.9585583936	0.1390661936
947	0.9585583936	0.1390531808
948	0.9586194269	0.1390112438
949	0.9586194269	0.1390111302
950	0.9585889103	0.1390105187
951	0.9585889103	0.1390100686
952	0.9585889103	0.1390098594
953	0.9585583936	0.1389997186
954	0.9585583936	0.1389996147
955	0.9585583936	0.1389993858
956	0.9585583936	0.1389932553
957	0.958527877	0.1389508091
958	0.958527877	0.138950037
959	0.958527877	0.1389500304
960	0.9586194269	0.138923112
961	0.9586194269	0.1389216358
962	0.9586499435	0.1389085309
963	0.9586499435	0.1389078728
964	0.9586499435	0.1389077948
965	0.9585583936	0.1389029374
966	0.9585583936	0.1389018777
967	0.9585889103	0.1388938137
968	0.9587109768	0.1388856958
969	0.9587109768	0.1388841194
970	0.9586804602	0.138883454
971	0.9586499435	0.1388743363
972	0.9587109768	0.1388447737
973	0.9587414935	0.1388236123
974	0.9587414935	0.1388236062
975	0.9587414935	0.1388234709
976	0.9587414935	0.1388210653
977	0.9587414935	0.138814599
978	0.9587720101	0.1387920025
979	0.9587720101	0.1387919809
980	0.9587720101	0.1387919298
981	0.9587414935	0.1387891106
982	0.9587414935	0.1387889895
983	0.9587414935	0.138788586
984	0.9587720101	0.1387825914
985	0.9588025268	0.1387718111
986	0.9588025268	0.13877173
987	0.9588025268	0.1387714326
988	0.9588330434	0.1387683995
989	0.9587720101	0.1387602176
990	0.9588025268	0.1387587377
991	0.9588025268	0.1387531688
992	0.9588025268	0.1387531253
993	0.9588025268	0.1387522043
994	0.9588025268	0.1387521703
995	0.9588025268	0.1387428419
996	0.9588330434	0.1387140963
997	0.9588330434	0.1387056577
998	0.9588940767	0.1386952703
999	0.9588940767	0.1386946488
