close,date,high,id,low,open,ticker,volume
1.13401,2018-12-05 04:24:00,1.13403,19703898,1.1338,1.134,EURUSD,100
1.13385,2018-12-05 04:25:00,1.134,19703934,1.1338,1.13399,EURUSD,118
1.13384,2018-12-05 04:26:00,1.13394,19703958,1.1337,1.13388,EURUSD,63
1.13383,2018-12-05 04:27:00,1.13394,19703987,1.1337,1.13383,EURUSD,51
1.1337,2018-12-05 04:28:00,1.1339,19704015,1.1336,1.1339,EURUSD,32
1.13383,2018-12-05 04:29:00,1.1339,19704020,1.1336,1.13382,EURUSD,35
1.1339,2018-12-05 04:30:00,1.13394,19704064,1.1337,1.13384,EURUSD,91
1.13412,2018-12-05 04:31:00,1.13412,19704086,1.1338,1.1339,EURUSD,166
1.1341,2018-12-05 04:32:00,1.13419,19704119,1.13397,1.1341,EURUSD,100
1.134,2018-12-05 04:33:00,1.13409,19704141,1.1338,1.13409,EURUSD,89
1.134,2018-12-05 04:34:00,1.13407,19704178,1.1338,1.13396,EURUSD,76
1.13417,2018-12-05 04:35:00,1.13421,19704208,1.1339,1.13408,EURUSD,98
1.13424,2018-12-05 04:36:00,1.13436,19704226,1.134,1.13418,EURUSD,121
1.13428,2018-12-05 04:37:00,1.13436,19704255,1.1341,1.1342,EURUSD,100
1.13438,2018-12-05 04:38:00,1.1344,19704287,1.1341,1.1342,EURUSD,77
1.13414,2018-12-05 04:39:00,1.1344,19704316,1.134,1.13436,EURUSD,87
1.13392,2018-12-05 04:40:00,1.13429,19704342,1.13381,1.13412,EURUSD,120
1.13399,2018-12-05 04:41:00,1.13407,19704349,1.1338,1.13391,EURUSD,120
1.13387,2018-12-05 04:42:00,1.13403,19704396,1.1337,1.13398,EURUSD,99
1.13399,2018-12-05 04:43:00,1.13406,19704415,1.1337,1.13385,EURUSD,93
1.13398,2018-12-05 04:44:00,1.13402,19704449,1.1338,1.134,EURUSD,53
1.1337,2018-12-05 04:45:00,1.13402,19704464,1.1337,1.13398,EURUSD,126
1.13386,2018-12-05 04:46:00,1.134,19704492,1.1337,1.13394,EURUSD,97
1.13381,2018-12-05 04:47:00,1.1339,19704520,1.1336,1.13384,EURUSD,87
1.13371,2018-12-05 04:48:00,1.13388,19704556,1.1336,1.1336,EURUSD,95
1.13373,2018-12-05 04:49:00,1.13374,19704577,1.1335,1.13372,EURUSD,68
1.13357,2018-12-05 04:50:00,1.13372,19704596,1.1335,1.1337,EURUSD,65
1.13331,2018-12-05 04:51:00,1.1337,19704635,1.13325,1.13356,EURUSD,139
1.13334,2018-12-05 04:52:00,1.13351,19704662,1.1332,1.13331,EURUSD,90
1.1335,2018-12-05 04:53:00,1.13354,19704687,1.1332,1.13334,EURUSD,107
1.13351,2018-12-05 04:54:00,1.13365,19704719,1.1333,1.1335,EURUSD,88
1.13357,2018-12-05 04:55:00,1.1337,19704747,1.1334,1.13352,EURUSD,113
1.13371,2018-12-05 04:56:00,1.13371,19704765,1.1335,1.13355,EURUSD,98
1.13389,2018-12-05 04:57:00,1.1339,19704795,1.1336,1.13368,EURUSD,85
1.13403,2018-12-05 04:58:00,1.13405,19704823,1.1336,1.13388,EURUSD,111
1.1339,2018-12-05 04:59:00,1.13411,19704855,1.1338,1.1341,EURUSD,95
1.13371,2018-12-05 05:00:00,1.13408,19704881,1.1336,1.13391,EURUSD,90
1.1337,2018-12-05 05:01:00,1.13384,19704900,1.1336,1.13373,EURUSD,95
1.13407,2018-12-05 05:02:00,1.13418,19704922,1.1336,1.1336,EURUSD,128
1.13422,2018-12-05 05:03:00,1.13426,19704942,1.13388,1.1341,EURUSD,115
1.13422,2018-12-05 05:04:00,1.1343,19704990,1.134,1.13424,EURUSD,84
1.13422,2018-12-05 05:05:00,1.1343,19705014,1.1341,1.1343,EURUSD,56
1.13438,2018-12-05 05:06:00,1.13444,19705035,1.1341,1.13423,EURUSD,92
1.13408,2018-12-05 05:07:00,1.1344,19705062,1.134,1.13438,EURUSD,83
1.13402,2018-12-05 05:08:00,1.13435,19705098,1.1339,1.13409,EURUSD,75
1.13403,2018-12-05 05:09:00,1.1341,19705124,1.1338,1.13405,EURUSD,70
1.1342,2018-12-05 05:10:00,1.13444,19705152,1.1339,1.13403,EURUSD,119
1.13439,2018-12-05 05:11:00,1.13442,19705179,1.1341,1.1343,EURUSD,85
1.1345,2018-12-05 05:12:00,1.13453,19705198,1.1342,1.1344,EURUSD,92
1.1341,2018-12-05 05:13:00,1.13448,19705221,1.1341,1.13448,EURUSD,104
1.1342,2018-12-05 05:14:00,1.13444,19705257,1.134,1.13418,EURUSD,75
1.13428,2018-12-05 05:15:00,1.13443,19705283,1.1342,1.13441,EURUSD,80
1.1343,2018-12-05 05:16:00,1.1344,19705311,1.1341,1.1342,EURUSD,62
1.1342,2018-12-05 05:17:00,1.1344,19705341,1.13414,1.13437,EURUSD,101
1.13403,2018-12-05 05:18:00,1.13435,19705366,1.1339,1.13421,EURUSD,113
1.13398,2018-12-05 05:19:00,1.1341,19705379,1.1339,1.13404,EURUSD,91
1.13388,2018-12-05 05:20:00,1.13408,19705416,1.1337,1.13398,EURUSD,75
1.1338,2018-12-05 05:21:00,1.13394,19705444,1.1337,1.13387,EURUSD,98
1.13386,2018-12-05 05:22:00,1.1339,19705473,1.1336,1.13381,EURUSD,68
1.13379,2018-12-05 05:23:00,1.13387,19705498,1.1337,1.1338,EURUSD,84
1.1338,2018-12-05 05:24:00,1.13387,19705523,1.1336,1.13379,EURUSD,83
1.1337,2018-12-05 05:25:00,1.13388,19705546,1.1335,1.1338,EURUSD,70
1.13384,2018-12-05 05:26:00,1.13387,19705580,1.1336,1.13371,EURUSD,86
1.13376,2018-12-05 05:27:00,1.1339,19705605,1.1336,1.13384,EURUSD,46
1.1336,2018-12-05 05:28:00,1.1338,19705631,1.1336,1.13376,EURUSD,45
1.13377,2018-12-05 05:29:00,1.13383,19705657,1.1336,1.13376,EURUSD,44
1.13379,2018-12-05 05:30:00,1.13383,19705692,1.1336,1.13376,EURUSD,56
1.13381,2018-12-05 05:31:00,1.1339,19705709,1.1336,1.1338,EURUSD,58
1.13375,2018-12-05 05:32:00,1.1339,19705743,1.1336,1.1338,EURUSD,56
1.13377,2018-12-05 05:33:00,1.1339,19705762,1.1336,1.13381,EURUSD,67
1.13365,2018-12-05 05:34:00,1.13378,19705800,1.1335,1.13372,EURUSD,89
1.13367,2018-12-05 05:35:00,1.13373,19705820,1.1335,1.13366,EURUSD,64
1.13367,2018-12-05 05:36:00,1.1338,19705849,1.1335,1.1336,EURUSD,62
1.13372,2018-12-05 05:37:00,1.13372,19705874,1.1335,1.13368,EURUSD,59
1.1337,2018-12-05 05:38:00,1.13373,19705902,1.1335,1.13371,EURUSD,78
1.1337,2018-12-05 05:39:00,1.1337,19705923,1.1334,1.13367,EURUSD,41
1.1337,2018-12-05 05:40:00,1.13371,19705959,1.1335,1.13369,EURUSD,53
1.13352,2018-12-05 05:41:00,1.1337,19705980,1.1334,1.13368,EURUSD,63
1.13369,2018-12-05 05:42:00,1.1337,19706007,1.1335,1.1335,EURUSD,82
1.1337,2018-12-05 05:43:00,1.13374,19706034,1.1335,1.13367,EURUSD,68
1.13378,2018-12-05 05:44:00,1.1339,19706061,1.1336,1.13375,EURUSD,72
1.13385,2018-12-05 05:45:00,1.13393,19706083,1.1337,1.13379,EURUSD,75
1.13381,2018-12-05 05:46:00,1.1339,19706118,1.1336,1.13388,EURUSD,86
1.13382,2018-12-05 05:47:00,1.13392,19706151,1.1337,1.13381,EURUSD,69
1.13382,2018-12-05 05:48:00,1.13386,19706178,1.1336,1.13384,EURUSD,67
1.1338,2018-12-05 05:49:00,1.13385,19706206,1.13359,1.1338,EURUSD,51
1.13363,2018-12-05 05:50:00,1.1338,19706227,1.1335,1.1336,EURUSD,94
1.13362,2018-12-05 05:51:00,1.13373,19706252,1.1335,1.13361,EURUSD,63
1.1333,2018-12-05 05:52:00,1.1337,19706285,1.1333,1.1336,EURUSD,82
1.13347,2018-12-05 05:53:00,1.13364,19706301,1.1333,1.13348,EURUSD,76
1.13351,2018-12-05 05:54:00,1.13355,19706339,1.1333,1.13348,EURUSD,68
1.1335,2018-12-05 05:55:00,1.13363,19706362,1.1333,1.1333,EURUSD,76
1.1337,2018-12-05 05:56:00,1.13372,19706383,1.1335,1.1336,EURUSD,52
1.13378,2018-12-05 05:57:00,1.13389,19706410,1.1335,1.13371,EURUSD,59
1.134,2018-12-05 05:58:00,1.134,19706443,1.1336,1.13378,EURUSD,104
1.13404,2018-12-05 05:59:00,1.13404,19706467,1.1337,1.13396,EURUSD,101
1.13426,2018-12-05 06:00:00,1.1343,19706489,1.1339,1.134,EURUSD,170
1.13415,2018-12-05 06:01:00,1.13434,19706527,1.134,1.1343,EURUSD,199
1.1345,2018-12-05 06:02:00,1.13451,19706552,1.134,1.13413,EURUSD,185
1.13437,2018-12-05 06:03:00,1.1349,19706583,1.1331,1.1345,EURUSD,389
1.13446,2018-12-05 06:04:00,1.13455,19706589,1.1339,1.13433,EURUSD,218
1.13474,2018-12-05 06:05:00,1.1348,19706637,1.1342,1.13446,EURUSD,154
1.13481,2018-12-05 06:06:00,1.13496,19706652,1.1346,1.13475,EURUSD,159
1.1346,2018-12-05 06:07:00,1.13491,19706692,1.13452,1.13483,EURUSD,153
1.13476,2018-12-05 06:08:00,1.13483,19706711,1.1344,1.1345,EURUSD,170
1.13521,2018-12-05 06:09:00,1.13526,19706735,1.1347,1.13476,EURUSD,194
1.13493,2018-12-05 06:10:00,1.13526,19706771,1.1348,1.13521,EURUSD,159
1.13514,2018-12-05 06:11:00,1.13523,19706796,1.1347,1.1349,EURUSD,136
1.1352,2018-12-05 06:12:00,1.13521,19706824,1.13498,1.13516,EURUSD,111
1.13538,2018-12-05 06:13:00,1.13548,19706835,1.135,1.13517,EURUSD,190
1.13562,2018-12-05 06:14:00,1.13574,19706876,1.1352,1.13538,EURUSD,233
1.1355,2018-12-05 06:15:00,1.13572,19706897,1.1355,1.13561,EURUSD,126
1.1357,2018-12-05 06:16:00,1.13581,19706926,1.1356,1.13562,EURUSD,157
1.1355,2018-12-05 06:17:00,1.1358,19706962,1.1355,1.13576,EURUSD,150
1.13563,2018-12-05 06:18:00,1.13574,19706980,1.1355,1.13562,EURUSD,140
1.1355,2018-12-05 06:19:00,1.13571,19707013,1.1354,1.13563,EURUSD,98
1.1356,2018-12-05 06:20:00,1.13568,19707037,1.1354,1.13556,EURUSD,170
1.13543,2018-12-05 06:21:00,1.13564,19707068,1.1352,1.13562,EURUSD,174
1.1353,2018-12-05 06:22:00,1.1355,19707080,1.1352,1.1354,EURUSD,141
1.1353,2018-12-05 06:23:00,1.13549,19707109,1.1352,1.1354,EURUSD,78
1.13541,2018-12-05 06:24:00,1.13541,19707150,1.1352,1.1354,EURUSD,70
1.13529,2018-12-05 06:25:00,1.13542,19707171,1.1352,1.1354,EURUSD,125
1.13542,2018-12-05 06:26:00,1.1355,19707191,1.1352,1.13531,EURUSD,93
1.13545,2018-12-05 06:27:00,1.13551,19707227,1.1353,1.13541,EURUSD,84
1.1355,2018-12-05 06:28:00,1.13561,19707254,1.1353,1.13545,EURUSD,109
1.1355,2018-12-05 06:29:00,1.13555,19707285,1.1352,1.1355,EURUSD,119
1.1353,2018-12-05 06:30:00,1.13553,19707294,1.1353,1.13553,EURUSD,92
1.1353,2018-12-05 06:31:00,1.13555,19707330,1.13519,1.13535,EURUSD,88
1.13521,2018-12-05 06:32:00,1.1354,19707357,1.135,1.13527,EURUSD,94
1.13531,2018-12-05 06:33:00,1.13535,19707391,1.135,1.13521,EURUSD,75
1.13516,2018-12-05 06:34:00,1.13546,19707410,1.13514,1.1353,EURUSD,92
1.13519,2018-12-05 06:35:00,1.13534,19707435,1.135,1.1353,EURUSD,80
1.13506,2018-12-05 06:36:00,1.1353,19707461,1.135,1.1352,EURUSD,111
1.13515,2018-12-05 06:37:00,1.1352,19707491,1.1349,1.13506,EURUSD,93
1.135,2018-12-05 06:38:00,1.1352,19707522,1.1349,1.13516,EURUSD,58
1.13521,2018-12-05 06:39:00,1.13523,19707552,1.1349,1.13509,EURUSD,104
1.13523,2018-12-05 06:40:00,1.13542,19707582,1.1351,1.13521,EURUSD,142
1.13542,2018-12-05 06:41:00,1.1355,19707602,1.1352,1.13524,EURUSD,100
1.13541,2018-12-05 06:42:00,1.1355,19707635,1.1352,1.13541,EURUSD,95
1.1351,2018-12-05 06:43:00,1.1355,19707660,1.1351,1.1354,EURUSD,116
1.1351,2018-12-05 06:44:00,1.13532,19707685,1.135,1.13525,EURUSD,108
1.1351,2018-12-05 06:45:00,1.1352,19707705,1.1349,1.13517,EURUSD,126
1.1349,2018-12-05 06:46:00,1.13511,19707735,1.1348,1.1351,EURUSD,139
1.1347,2018-12-05 06:47:00,1.13493,19707767,1.1347,1.1349,EURUSD,134
1.13482,2018-12-05 06:48:00,1.1349,19707786,1.1346,1.1348,EURUSD,98
1.13497,2018-12-05 06:49:00,1.13508,19707813,1.1347,1.13481,EURUSD,120
1.13492,2018-12-05 06:50:00,1.13505,19707853,1.1347,1.1349,EURUSD,101
1.13507,2018-12-05 06:51:00,1.13512,19707872,1.1348,1.13492,EURUSD,121
1.13501,2018-12-05 06:52:00,1.1351,19707887,1.1348,1.1349,EURUSD,81
1.1352,2018-12-05 06:53:00,1.1353,19707929,1.1349,1.13501,EURUSD,122
1.13498,2018-12-05 06:54:00,1.1353,19707953,1.13491,1.13524,EURUSD,102
1.13517,2018-12-05 06:55:00,1.13525,19707984,1.1348,1.13498,EURUSD,93
1.13543,2018-12-05 06:56:00,1.13545,19708005,1.135,1.13518,EURUSD,103
1.13544,2018-12-05 06:57:00,1.13547,19708038,1.1352,1.13542,EURUSD,101
1.13536,2018-12-05 06:58:00,1.1355,19708064,1.1352,1.13544,EURUSD,79
1.1354,2018-12-05 06:59:00,1.13548,19708086,1.1352,1.13535,EURUSD,95
1.1354,2018-12-05 07:00:00,1.13551,19708105,1.1353,1.13546,EURUSD,90
1.13541,2018-12-05 07:01:00,1.13555,19708143,1.1353,1.13551,EURUSD,95
1.13528,2018-12-05 07:02:00,1.13543,19708169,1.1352,1.1354,EURUSD,60
1.13531,2018-12-05 07:03:00,1.1354,19708203,1.1351,1.13527,EURUSD,96
1.13535,2018-12-05 07:04:00,1.1354,19708230,1.1351,1.1353,EURUSD,66
1.1354,2018-12-05 07:05:00,1.1355,19708241,1.1352,1.13536,EURUSD,82
1.13542,2018-12-05 07:06:00,1.13549,19708282,1.1352,1.13542,EURUSD,85
1.1354,2018-12-05 07:07:00,1.1355,19708308,1.1352,1.13542,EURUSD,62
1.1352,2018-12-05 07:08:00,1.13545,19708336,1.1352,1.13541,EURUSD,48
1.1353,2018-12-05 07:09:00,1.1355,19708345,1.1352,1.13542,EURUSD,69
1.13545,2018-12-05 07:10:00,1.1355,19708393,1.1353,1.13537,EURUSD,40
1.13536,2018-12-05 07:11:00,1.1355,19708412,1.1352,1.1354,EURUSD,124
1.13534,2018-12-05 07:12:00,1.1354,19708446,1.1352,1.1353,EURUSD,38
1.13535,2018-12-05 07:13:00,1.1354,19708471,1.1352,1.13538,EURUSD,73
1.1354,2018-12-05 07:14:00,1.1354,19708491,1.1352,1.13535,EURUSD,51
1.1355,2018-12-05 07:15:00,1.1356,19708521,1.1352,1.13542,EURUSD,74
1.1355,2018-12-05 07:16:00,1.13561,19708551,1.1354,1.13553,EURUSD,60
1.13544,2018-12-05 07:17:00,1.13555,19708577,1.1353,1.13555,EURUSD,72
1.1354,2018-12-05 07:18:00,1.13557,19708603,1.1353,1.13545,EURUSD,97
1.1354,2018-12-05 07:19:00,1.1355,19708626,1.1352,1.13545,EURUSD,73
1.13544,2018-12-05 07:20:00,1.1355,19708651,1.1353,1.13545,EURUSD,50
1.1353,2018-12-05 07:21:00,1.1355,19708688,1.1352,1.13547,EURUSD,57
1.1352,2018-12-05 07:22:00,1.13547,19708708,1.1352,1.13537,EURUSD,63
1.13545,2018-12-05 07:23:00,1.1355,19708740,1.1353,1.1353,EURUSD,55
1.13538,2018-12-05 07:24:00,1.1355,19708771,1.1353,1.1353,EURUSD,41
1.1353,2018-12-05 07:25:00,1.13547,19708795,1.1352,1.1354,EURUSD,85
1.13511,2018-12-05 07:26:00,1.13544,19708817,1.13504,1.1354,EURUSD,92
1.13527,2018-12-05 07:27:00,1.13528,19708840,1.135,1.1351,EURUSD,88
1.13531,2018-12-05 07:28:00,1.13542,19708875,1.135,1.13527,EURUSD,89
1.13538,2018-12-05 07:29:00,1.13545,19708905,1.1352,1.13538,EURUSD,69
1.13512,2018-12-05 07:30:00,1.1354,19708933,1.135,1.13537,EURUSD,103
1.1352,2018-12-05 07:31:00,1.13521,19708949,1.135,1.13514,EURUSD,53
1.13516,2018-12-05 07:32:00,1.1352,19708986,1.135,1.13515,EURUSD,66
1.13534,2018-12-05 07:33:00,1.13536,19709012,1.135,1.13517,EURUSD,104
1.13523,2018-12-05 07:34:00,1.13535,19709037,1.1351,1.13535,EURUSD,56
1.1352,2018-12-05 07:35:00,1.13535,19709067,1.135,1.13524,EURUSD,63
1.1352,2018-12-05 07:36:00,1.1353,19709095,1.135,1.13517,EURUSD,62
1.1352,2018-12-05 07:37:00,1.13532,19709118,1.1351,1.1353,EURUSD,76
1.1352,2018-12-05 07:38:00,1.1353,19709135,1.1351,1.1353,EURUSD,49
1.13547,2018-12-05 07:39:00,1.1355,19709174,1.1352,1.13529,EURUSD,57
1.13539,2018-12-05 07:40:00,1.13553,19709185,1.1353,1.13548,EURUSD,52
1.13547,2018-12-05 07:41:00,1.1355,19709222,1.1353,1.13542,EURUSD,51
1.13534,2018-12-05 07:42:00,1.1355,19709249,1.1353,1.13546,EURUSD,50
1.13547,2018-12-05 07:43:00,1.13548,19709279,1.1352,1.1354,EURUSD,78
1.13535,2018-12-05 07:44:00,1.1355,19709303,1.1352,1.1354,EURUSD,66
1.13537,2018-12-05 07:45:00,1.1355,19709332,1.1353,1.1354,EURUSD,33
1.13537,2018-12-05 07:46:00,1.1355,19709358,1.1353,1.13543,EURUSD,58
1.1355,2018-12-05 07:47:00,1.13556,19709384,1.1353,1.13542,EURUSD,57
1.13568,2018-12-05 07:48:00,1.1357,19709419,1.1354,1.13556,EURUSD,53
1.1355,2018-12-05 07:49:00,1.13576,19709435,1.1355,1.13569,EURUSD,74
1.13566,2018-12-05 07:50:00,1.1358,19709471,1.1356,1.13571,EURUSD,92
1.1357,2018-12-05 07:51:00,1.13576,19709486,1.1355,1.13571,EURUSD,67
1.13558,2018-12-05 07:52:00,1.13575,19709527,1.1355,1.13575,EURUSD,77
1.13539,2018-12-05 07:53:00,1.1357,19709550,1.1353,1.13557,EURUSD,70
1.1353,2018-12-05 07:54:00,1.13553,19709578,1.1352,1.13545,EURUSD,77
1.13537,2018-12-05 07:55:00,1.13545,19709606,1.1352,1.1353,EURUSD,46
1.13542,2018-12-05 07:56:00,1.1355,19709616,1.1353,1.13543,EURUSD,58
1.13531,2018-12-05 07:57:00,1.13548,19709660,1.1352,1.13548,EURUSD,69
1.13512,2018-12-05 07:58:00,1.1354,19709686,1.13508,1.13533,EURUSD,127
1.13533,2018-12-05 07:59:00,1.13543,19709706,1.135,1.13512,EURUSD,109
1.13555,2018-12-05 08:00:00,1.13561,19709742,1.1352,1.13538,EURUSD,103
1.13533,2018-12-05 08:01:00,1.13562,19709770,1.13526,1.13554,EURUSD,179
1.1352,2018-12-05 08:02:00,1.13546,19709797,1.1351,1.13532,EURUSD,140
1.1353,2018-12-05 08:03:00,1.13536,19709821,1.1351,1.13524,EURUSD,161
1.13537,2018-12-05 08:04:00,1.13547,19709827,1.1351,1.13531,EURUSD,114
1.1352,2018-12-05 08:05:00,1.13538,19709876,1.1351,1.13538,EURUSD,150
1.13523,2018-12-05 08:06:00,1.1353,19709899,1.1351,1.13523,EURUSD,83
1.13526,2018-12-05 08:07:00,1.13535,19709919,1.135,1.13525,EURUSD,72
1.13526,2018-12-05 08:08:00,1.1354,19709945,1.1351,1.13532,EURUSD,36
1.13532,2018-12-05 08:09:00,1.13544,19709975,1.1351,1.13531,EURUSD,86
1.13539,2018-12-05 08:10:00,1.13544,19710005,1.1352,1.1354,EURUSD,121
1.13535,2018-12-05 08:11:00,1.13542,19710033,1.1352,1.13538,EURUSD,86
1.13535,2018-12-05 08:12:00,1.13545,19710058,1.1351,1.13533,EURUSD,95
1.13531,2018-12-05 08:13:00,1.1355,19710083,1.1352,1.13543,EURUSD,78
1.13542,2018-12-05 08:14:00,1.13545,19710109,1.1352,1.1354,EURUSD,55
1.13528,2018-12-05 08:15:00,1.13546,19710129,1.1352,1.13543,EURUSD,110
1.1351,2018-12-05 08:16:00,1.13547,19710163,1.1351,1.13535,EURUSD,102
1.13529,2018-12-05 08:17:00,1.13538,19710188,1.1351,1.13526,EURUSD,82
1.1353,2018-12-05 08:18:00,1.13543,19710217,1.1352,1.13529,EURUSD,94
1.1352,2018-12-05 08:19:00,1.1354,19710244,1.1351,1.13536,EURUSD,94
1.13541,2018-12-05 08:20:00,1.13542,19710277,1.1351,1.1352,EURUSD,143
1.1354,2018-12-05 08:21:00,1.13551,19710294,1.1352,1.13545,EURUSD,128
1.13542,2018-12-05 08:22:00,1.13552,19710326,1.1353,1.13541,EURUSD,94
1.13531,2018-12-05 08:23:00,1.13552,19710357,1.1352,1.13548,EURUSD,112
1.13527,2018-12-05 08:24:00,1.1354,19710388,1.1351,1.1353,EURUSD,105
1.13546,2018-12-05 08:25:00,1.13555,19710414,1.1352,1.13533,EURUSD,104
1.1352,2018-12-05 08:26:00,1.13554,19710433,1.1351,1.13554,EURUSD,129
1.1352,2018-12-05 08:27:00,1.1353,19710466,1.1351,1.1351,EURUSD,56
1.1354,2018-12-05 08:28:00,1.13542,19710480,1.1351,1.13523,EURUSD,78
1.13543,2018-12-05 08:29:00,1.13553,19710517,1.1352,1.13543,EURUSD,71
1.13552,2018-12-05 08:30:00,1.13564,19710544,1.1354,1.1355,EURUSD,109
1.13565,2018-12-05 08:31:00,1.13571,19710576,1.1354,1.13558,EURUSD,82
1.13566,2018-12-05 08:32:00,1.13573,19710606,1.1354,1.13571,EURUSD,83
1.13602,2018-12-05 08:33:00,1.13602,19710628,1.1355,1.1355,EURUSD,147
1.13573,2018-12-05 08:34:00,1.13613,19710654,1.1356,1.13596,EURUSD,136
1.13589,2018-12-05 08:35:00,1.13597,19710674,1.1356,1.13563,EURUSD,153
1.1359,2018-12-05 08:36:00,1.13597,19710707,1.1357,1.13581,EURUSD,123
1.1358,2018-12-05 08:37:00,1.136,19710739,1.1357,1.13585,EURUSD,79
1.13579,2018-12-05 08:38:00,1.136,19710749,1.1357,1.1359,EURUSD,99
1.1357,2018-12-05 08:39:00,1.13583,19710793,1.1356,1.13573,EURUSD,80
1.1355,2018-12-05 08:40:00,1.1358,19710818,1.1355,1.13577,EURUSD,88
1.1357,2018-12-05 08:41:00,1.1358,19710844,1.1355,1.13563,EURUSD,85
1.1357,2018-12-05 08:42:00,1.13586,19710872,1.1356,1.13569,EURUSD,89
1.13583,2018-12-05 08:43:00,1.1359,19710900,1.1356,1.1358,EURUSD,75
1.1357,2018-12-05 08:44:00,1.13584,19710917,1.1356,1.1356,EURUSD,73
1.1357,2018-12-05 08:45:00,1.1358,19710949,1.1355,1.13569,EURUSD,108
1.1357,2018-12-05 08:46:00,1.13575,19710984,1.1355,1.13564,EURUSD,68
1.1357,2018-12-05 08:47:00,1.13576,19711006,1.1355,1.13569,EURUSD,92
1.13572,2018-12-05 08:48:00,1.13577,19711030,1.1355,1.13559,EURUSD,108
1.13561,2018-12-05 08:49:00,1.13572,19711052,1.1355,1.13571,EURUSD,62
1.13559,2018-12-05 08:50:00,1.1357,19711077,1.1355,1.13555,EURUSD,66
1.13556,2018-12-05 08:51:00,1.13568,19711106,1.1354,1.13555,EURUSD,63
1.13554,2018-12-05 08:52:00,1.13563,19711136,1.1354,1.13549,EURUSD,69
1.13555,2018-12-05 08:53:00,1.1356,19711157,1.1353,1.13552,EURUSD,60
1.13577,2018-12-05 08:54:00,1.13577,19711191,1.1354,1.13553,EURUSD,117
1.13576,2018-12-05 08:55:00,1.13581,19711221,1.1355,1.1357,EURUSD,117
1.1358,2018-12-05 08:56:00,1.13601,19711246,1.1356,1.13578,EURUSD,88
1.13565,2018-12-05 08:57:00,1.13598,19711272,1.1356,1.13585,EURUSD,105
1.1355,2018-12-05 08:58:00,1.13573,19711308,1.1355,1.13565,EURUSD,49
1.13546,2018-12-05 08:59:00,1.1357,19711331,1.1353,1.13565,EURUSD,75
1.13556,2018-12-05 09:00:00,1.1356,19711354,1.1353,1.13545,EURUSD,132
1.13559,2018-12-05 09:01:00,1.13563,19711374,1.1354,1.13555,EURUSD,71
1.1355,2018-12-05 09:02:00,1.1357,19711407,1.1354,1.13558,EURUSD,74
1.13562,2018-12-05 09:03:00,1.1357,19711436,1.1354,1.13561,EURUSD,70
1.1356,2018-12-05 09:04:00,1.1358,19711458,1.1354,1.1355,EURUSD,72
1.1357,2018-12-05 09:05:00,1.1358,19711492,1.1355,1.13569,EURUSD,79
1.13585,2018-12-05 09:06:00,1.13589,19711510,1.1355,1.13567,EURUSD,72
1.13584,2018-12-05 09:07:00,1.1359,19711541,1.1356,1.13584,EURUSD,86
1.1358,2018-12-05 09:08:00,1.1359,19711574,1.1356,1.13582,EURUSD,87
1.13577,2018-12-05 09:09:00,1.1358,19711601,1.1356,1.13579,EURUSD,94
1.13555,2018-12-05 09:10:00,1.1358,19711630,1.1355,1.13578,EURUSD,100
1.13546,2018-12-05 09:11:00,1.13563,19711656,1.1353,1.13549,EURUSD,124
1.13544,2018-12-05 09:12:00,1.1356,19711672,1.1353,1.1354,EURUSD,72
1.13546,2018-12-05 09:13:00,1.1355,19711710,1.1353,1.13537,EURUSD,64
1.13541,2018-12-05 09:14:00,1.13552,19711725,1.1353,1.13547,EURUSD,114
1.13526,2018-12-05 09:15:00,1.1355,19711763,1.1352,1.13543,EURUSD,99
1.13524,2018-12-05 09:16:00,1.1354,19711784,1.135,1.13523,EURUSD,142
1.13493,2018-12-05 09:17:00,1.1353,19711814,1.1348,1.13523,EURUSD,165
1.13511,2018-12-05 09:18:00,1.13528,19711839,1.1348,1.13489,EURUSD,176
1.1346,2018-12-05 09:19:00,1.1352,19711865,1.1345,1.1351,EURUSD,203
1.13444,2018-12-05 09:20:00,1.13518,19711897,1.1343,1.13461,EURUSD,222
1.13467,2018-12-05 09:21:00,1.1347,19711929,1.1343,1.13442,EURUSD,144
1.13481,2018-12-05 09:22:00,1.13486,19711953,1.13449,1.13468,EURUSD,154
1.13489,2018-12-05 09:23:00,1.13492,19711973,1.13469,1.13481,EURUSD,87
1.13477,2018-12-05 09:24:00,1.13493,19712000,1.1346,1.13489,EURUSD,123
1.13477,2018-12-05 09:25:00,1.1348,19712021,1.1345,1.13476,EURUSD,130
1.13509,2018-12-05 09:26:00,1.13509,19712062,1.1346,1.13478,EURUSD,99
1.13502,2018-12-05 09:27:00,1.13519,19712088,1.1349,1.13506,EURUSD,119
1.1351,2018-12-05 09:28:00,1.1352,19712112,1.1349,1.13503,EURUSD,106
1.13515,2018-12-05 09:29:00,1.1353,19712135,1.135,1.1351,EURUSD,93
1.13527,2018-12-05 09:30:00,1.13533,19712168,1.135,1.13516,EURUSD,89
1.13476,2018-12-05 09:31:00,1.13532,19712185,1.13475,1.13526,EURUSD,184
1.13486,2018-12-05 09:32:00,1.135,19712225,1.1347,1.1348,EURUSD,161
1.1348,2018-12-05 09:33:00,1.13506,19712246,1.1346,1.13487,EURUSD,162
1.13446,2018-12-05 09:34:00,1.1347,19712264,1.1343,1.1346,EURUSD,128
1.1343,2018-12-05 09:35:00,1.1345,19712307,1.1342,1.13445,EURUSD,129
1.1342,2018-12-05 09:36:00,1.13432,19712328,1.134,1.13415,EURUSD,125
1.1339,2018-12-05 09:37:00,1.13422,19712359,1.1339,1.13421,EURUSD,144
1.13395,2018-12-05 09:38:00,1.13403,19712384,1.1338,1.134,EURUSD,151
1.13381,2018-12-05 09:39:00,1.13401,19712407,1.1337,1.13397,EURUSD,142
1.13346,2018-12-05 09:40:00,1.13394,19712436,1.13323,1.1338,EURUSD,227
1.1335,2018-12-05 09:41:00,1.13368,19712456,1.1333,1.13346,EURUSD,172
1.13336,2018-12-05 09:42:00,1.13352,19712493,1.1333,1.13352,EURUSD,156
1.13335,2018-12-05 09:43:00,1.13344,19712523,1.1332,1.13339,EURUSD,164
1.13337,2018-12-05 09:44:00,1.13343,19712548,1.1332,1.13336,EURUSD,120
1.1334,2018-12-05 09:45:00,1.13343,19712577,1.1332,1.13338,EURUSD,170
1.1335,2018-12-05 09:46:00,1.13354,19712601,1.1332,1.13339,EURUSD,132
1.13339,2018-12-05 09:47:00,1.13354,19712631,1.1333,1.1334,EURUSD,133
1.13338,2018-12-05 09:48:00,1.13354,19712651,1.13329,1.13337,EURUSD,164
1.13312,2018-12-05 09:49:00,1.1335,19712675,1.13298,1.1335,EURUSD,149
1.13297,2018-12-05 09:50:00,1.1332,19712689,1.1328,1.13311,EURUSD,184
1.13313,2018-12-05 09:51:00,1.13318,19712729,1.1328,1.1329,EURUSD,131
1.1331,2018-12-05 09:52:00,1.13321,19712755,1.1329,1.13314,EURUSD,150
1.13299,2018-12-05 09:53:00,1.13314,19712786,1.1329,1.13314,EURUSD,113
1.13285,2018-12-05 09:54:00,1.133,19712810,1.1327,1.13296,EURUSD,109
1.13282,2018-12-05 09:55:00,1.1329,19712846,1.1326,1.13288,EURUSD,161
1.1326,2018-12-05 09:56:00,1.13281,19712873,1.1325,1.13281,EURUSD,105
1.13252,2018-12-05 09:57:00,1.13279,19712895,1.1324,1.13262,EURUSD,163
1.1326,2018-12-05 09:58:00,1.13269,19712918,1.1323,1.13251,EURUSD,170
1.13271,2018-12-05 09:59:00,1.13275,19712937,1.13241,1.13268,EURUSD,95
1.13229,2018-12-05 10:00:00,1.13272,19712979,1.1322,1.13272,EURUSD,218
1.1315,2018-12-05 10:01:00,1.13242,19713001,1.13104,1.13226,EURUSD,411
1.13236,2018-12-05 10:02:00,1.13241,19713013,1.1317,1.13194,EURUSD,327
1.13243,2018-12-05 10:03:00,1.13245,19713056,1.1321,1.1321,EURUSD,145
1.13259,2018-12-05 10:04:00,1.13279,19713081,1.1322,1.13242,EURUSD,220
1.13263,2018-12-05 10:05:00,1.1327,19713115,1.1324,1.13256,EURUSD,137
1.13277,2018-12-05 10:06:00,1.13286,19713127,1.13257,1.13262,EURUSD,174
1.13283,2018-12-05 10:07:00,1.13286,19713161,1.1325,1.13276,EURUSD,182
1.1328,2018-12-05 10:08:00,1.133,19713195,1.1327,1.13283,EURUSD,161
1.13293,2018-12-05 10:09:00,1.13295,19713223,1.1327,1.13293,EURUSD,99
1.1329,2018-12-05 10:10:00,1.13305,19713247,1.1328,1.13292,EURUSD,115
1.1332,2018-12-05 10:11:00,1.13329,19713278,1.1329,1.13299,EURUSD,170
1.13312,2018-12-05 10:12:00,1.13324,19713305,1.1329,1.1332,EURUSD,136
1.1329,2018-12-05 10:13:00,1.1332,19713323,1.1329,1.13305,EURUSD,113
1.13326,2018-12-05 10:14:00,1.13333,19713358,1.1329,1.13311,EURUSD,143
1.13312,2018-12-05 10:15:00,1.13343,19713373,1.133,1.13325,EURUSD,154
1.13338,2018-12-05 10:16:00,1.13344,19713407,1.13304,1.1331,EURUSD,153
1.1335,2018-12-05 10:17:00,1.13359,19713432,1.13328,1.13337,EURUSD,155
1.13338,2018-12-05 10:18:00,1.13352,19713468,1.13305,1.13347,EURUSD,198
1.13309,2018-12-05 10:19:00,1.13344,19713493,1.133,1.13337,EURUSD,131
1.13335,2018-12-05 10:20:00,1.13341,19713506,1.133,1.133,EURUSD,104
1.1329,2018-12-05 10:21:00,1.1334,19713540,1.1329,1.13336,EURUSD,170
1.13309,2018-12-05 10:22:00,1.13314,19713575,1.1328,1.13295,EURUSD,102
1.13317,2018-12-05 10:23:00,1.13326,19713595,1.1329,1.13308,EURUSD,116
1.13316,2018-12-05 10:24:00,1.13353,19713613,1.1331,1.1332,EURUSD,203
1.1331,2018-12-05 10:25:00,1.1335,19713652,1.133,1.13314,EURUSD,119
1.1331,2018-12-05 10:26:00,1.1334,19713675,1.133,1.13332,EURUSD,150
1.1329,2018-12-05 10:27:00,1.1332,19713702,1.1328,1.13308,EURUSD,108
1.13277,2018-12-05 10:28:00,1.13314,19713736,1.13277,1.13296,EURUSD,154
1.1328,2018-12-05 10:29:00,1.13301,19713757,1.1326,1.1327,EURUSD,152
1.13316,2018-12-05 10:30:00,1.13317,19713783,1.1326,1.13276,EURUSD,135
1.13327,2018-12-05 10:31:00,1.13328,19713813,1.1328,1.13313,EURUSD,137
1.1332,2018-12-05 10:32:00,1.13344,19713840,1.133,1.13326,EURUSD,144
1.13309,2018-12-05 10:33:00,1.13348,19713851,1.13309,1.1333,EURUSD,141
1.13298,2018-12-05 10:34:00,1.1333,19713885,1.13296,1.1331,EURUSD,105
1.13286,2018-12-05 10:35:00,1.13314,19713916,1.1327,1.133,EURUSD,89
1.13255,2018-12-05 10:36:00,1.1329,19713939,1.13253,1.1327,EURUSD,99
1.1325,2018-12-05 10:37:00,1.13273,19713968,1.1324,1.13254,EURUSD,112
1.1327,2018-12-05 10:38:00,1.1328,19714003,1.1325,1.1326,EURUSD,110
1.1327,2018-12-05 10:39:00,1.13294,19714028,1.1326,1.13272,EURUSD,90
1.13285,2018-12-05 10:40:00,1.1329,19714057,1.1326,1.13276,EURUSD,68
1.13313,2018-12-05 10:41:00,1.13315,19714065,1.1327,1.13284,EURUSD,72
1.13319,2018-12-05 10:42:00,1.1333,19714099,1.1329,1.1331,EURUSD,118
1.13296,2018-12-05 10:43:00,1.13324,19714133,1.1329,1.13318,EURUSD,126
1.13312,2018-12-05 10:44:00,1.13325,19714163,1.1328,1.1328,EURUSD,96
1.13321,2018-12-05 10:45:00,1.13321,19714195,1.1329,1.13313,EURUSD,115
1.13323,2018-12-05 10:46:00,1.13326,19714216,1.133,1.1332,EURUSD,79
1.1332,2018-12-05 10:47:00,1.13348,19714248,1.1331,1.13324,EURUSD,115
1.13358,2018-12-05 10:48:00,1.13362,19714270,1.1332,1.1333,EURUSD,154
1.13323,2018-12-05 10:49:00,1.13361,19714292,1.1331,1.13358,EURUSD,159
1.1332,2018-12-05 10:50:00,1.1334,19714324,1.1331,1.13315,EURUSD,97
1.13325,2018-12-05 10:51:00,1.13348,19714355,1.1331,1.13323,EURUSD,115
1.13314,2018-12-05 10:52:00,1.13339,19714385,1.1331,1.13326,EURUSD,135
1.13323,2018-12-05 10:53:00,1.13338,19714401,1.1331,1.13317,EURUSD,162
1.1332,2018-12-05 10:54:00,1.1333,19714428,1.133,1.13322,EURUSD,127
1.13289,2018-12-05 10:55:00,1.13322,19714445,1.13287,1.133,EURUSD,110
1.13314,2018-12-05 10:56:00,1.13328,19714488,1.1328,1.13289,EURUSD,142
1.1329,2018-12-05 10:57:00,1.13314,19714520,1.1328,1.13313,EURUSD,146
1.13334,2018-12-05 10:58:00,1.13345,19714542,1.1328,1.13304,EURUSD,200
1.1338,2018-12-05 10:59:00,1.13405,19714567,1.133,1.13337,EURUSD,308
1.13415,2018-12-05 11:00:00,1.13423,19714595,1.1337,1.13396,EURUSD,260
1.13415,2018-12-05 11:01:00,1.1343,19714624,1.134,1.13416,EURUSD,254
1.13423,2018-12-05 11:02:00,1.13429,19714651,1.1339,1.13415,EURUSD,211
1.134,2018-12-05 11:03:00,1.13439,19714679,1.13397,1.13422,EURUSD,263
1.1342,2018-12-05 11:04:00,1.13443,19714695,1.1341,1.13417,EURUSD,156
1.13437,2018-12-05 11:05:00,1.13445,19714736,1.1341,1.13432,EURUSD,123
1.13446,2018-12-05 11:06:00,1.13459,19714763,1.1342,1.1344,EURUSD,187
1.13416,2018-12-05 11:07:00,1.13452,19714779,1.1341,1.13441,EURUSD,220
1.13421,2018-12-05 11:08:00,1.1343,19714807,1.134,1.1341,EURUSD,129
1.1342,2018-12-05 11:09:00,1.1343,19714842,1.134,1.1342,EURUSD,69
1.13432,2018-12-05 11:10:00,1.13446,19714860,1.1341,1.13417,EURUSD,147
1.13412,2018-12-05 11:11:00,1.1344,19714890,1.13408,1.1342,EURUSD,122
1.13422,2018-12-05 11:12:00,1.13435,19714915,1.1341,1.13413,EURUSD,78
1.13401,2018-12-05 11:13:00,1.13425,19714927,1.1339,1.13423,EURUSD,121
1.13457,2018-12-05 11:14:00,1.13464,19714975,1.1339,1.13401,EURUSD,149
1.1347,2018-12-05 11:15:00,1.13502,19714996,1.13434,1.13458,EURUSD,177
1.1344,2018-12-05 11:16:00,1.13491,19715029,1.1344,1.1349,EURUSD,135
1.13451,2018-12-05 11:17:00,1.13451,19715052,1.1343,1.1345,EURUSD,129
1.1342,2018-12-05 11:18:00,1.13462,19715086,1.1342,1.13449,EURUSD,106
1.13448,2018-12-05 11:19:00,1.13453,19715099,1.13419,1.13423,EURUSD,105
1.1348,2018-12-05 11:20:00,1.13492,19715137,1.1343,1.13449,EURUSD,154
1.1348,2018-12-05 11:21:00,1.13492,19715154,1.13455,1.13489,EURUSD,184
1.13477,2018-12-05 11:22:00,1.135,19715189,1.1346,1.13493,EURUSD,156
1.13476,2018-12-05 11:23:00,1.1348,19715223,1.1346,1.13478,EURUSD,113
1.13479,2018-12-05 11:24:00,1.13481,19715237,1.1345,1.13477,EURUSD,136
1.13472,2018-12-05 11:25:00,1.135,19715271,1.1347,1.13479,EURUSD,218
1.1349,2018-12-05 11:26:00,1.13502,19715290,1.1345,1.13466,EURUSD,180
1.13488,2018-12-05 11:27:00,1.13504,19715323,1.1348,1.135,EURUSD,118
1.13486,2018-12-05 11:28:00,1.1349,19715346,1.1346,1.13487,EURUSD,128
1.13487,2018-12-05 11:29:00,1.13493,19715375,1.1347,1.13485,EURUSD,100
1.13482,2018-12-05 11:30:00,1.1349,19715406,1.1346,1.13487,EURUSD,111
1.13475,2018-12-05 11:31:00,1.13491,19715435,1.1346,1.13478,EURUSD,115
1.13472,2018-12-05 11:32:00,1.13487,19715461,1.1346,1.13473,EURUSD,110
1.13471,2018-12-05 11:33:00,1.1348,19715486,1.1345,1.13473,EURUSD,77
1.1345,2018-12-05 11:34:00,1.1347,19715518,1.1344,1.1347,EURUSD,104
1.13456,2018-12-05 11:35:00,1.13464,19715534,1.1344,1.13461,EURUSD,105
1.13467,2018-12-05 11:36:00,1.13473,19715567,1.1344,1.13457,EURUSD,97
1.13457,2018-12-05 11:37:00,1.1347,19715596,1.1344,1.13467,EURUSD,61
1.13471,2018-12-05 11:38:00,1.13484,19715621,1.1345,1.13455,EURUSD,90
1.13471,2018-12-05 11:39:00,1.13484,19715652,1.1345,1.13471,EURUSD,45
1.13451,2018-12-05 11:40:00,1.13472,19715670,1.13449,1.13472,EURUSD,156
1.13458,2018-12-05 11:41:00,1.13466,19715694,1.1344,1.1345,EURUSD,132
1.13461,2018-12-05 11:42:00,1.1348,19715724,1.1345,1.13462,EURUSD,102
1.13453,2018-12-05 11:43:00,1.1347,19715761,1.1344,1.1345,EURUSD,104
1.13459,2018-12-05 11:44:00,1.1347,19715782,1.1344,1.1346,EURUSD,93
1.13463,2018-12-05 11:45:00,1.13467,19715810,1.1344,1.1346,EURUSD,62
1.1346,2018-12-05 11:46:00,1.1348,19715837,1.1345,1.13465,EURUSD,71
1.1348,2018-12-05 11:47:00,1.13485,19715866,1.1346,1.13473,EURUSD,92
1.1349,2018-12-05 11:48:00,1.13495,19715887,1.1346,1.13484,EURUSD,72
1.13491,2018-12-05 11:49:00,1.13505,19715908,1.1348,1.13494,EURUSD,89
1.1349,2018-12-05 11:50:00,1.13504,19715933,1.1347,1.13489,EURUSD,83
1.13516,2018-12-05 11:51:00,1.13522,19715969,1.1349,1.13497,EURUSD,106
1.135,2018-12-05 11:52:00,1.13518,19716001,1.1349,1.13514,EURUSD,81
1.135,2018-12-05 11:53:00,1.1352,19716019,1.1349,1.13506,EURUSD,70
1.13514,2018-12-05 11:54:00,1.13515,19716045,1.1349,1.13506,EURUSD,81
1.13507,2018-12-05 11:55:00,1.1352,19716078,1.1349,1.13512,EURUSD,74
1.13516,2018-12-05 11:56:00,1.13519,19716111,1.1349,1.13508,EURUSD,92
1.1349,2018-12-05 11:57:00,1.1352,19716127,1.1349,1.13512,EURUSD,86
1.1348,2018-12-05 11:58:00,1.1351,19716162,1.1348,1.13507,EURUSD,96
1.1349,2018-12-05 11:59:00,1.13509,19716193,1.1347,1.135,EURUSD,63
1.1349,2018-12-05 12:00:00,1.135,19716214,1.1347,1.13487,EURUSD,70
1.13495,2018-12-05 12:01:00,1.135,19716249,1.1347,1.13491,EURUSD,67
1.13496,2018-12-05 12:02:00,1.13502,19716263,1.1348,1.13495,EURUSD,50
1.13483,2018-12-05 12:03:00,1.13501,19716302,1.1347,1.13497,EURUSD,80
1.1347,2018-12-05 12:04:00,1.13503,19716327,1.1347,1.13482,EURUSD,41
1.13468,2018-12-05 12:05:00,1.1348,19716348,1.1345,1.1348,EURUSD,79
1.13468,2018-12-05 12:06:00,1.13481,19716375,1.1345,1.13467,EURUSD,45
1.1344,2018-12-05 12:07:00,1.1347,19716396,1.1344,1.1346,EURUSD,63
1.1345,2018-12-05 12:08:00,1.13461,19716436,1.1343,1.13456,EURUSD,88
1.13458,2018-12-05 12:09:00,1.1346,19716464,1.1342,1.13447,EURUSD,113
1.13456,2018-12-05 12:10:00,1.13461,19716482,1.1344,1.13456,EURUSD,80
1.13452,2018-12-05 12:11:00,1.1346,19716510,1.1343,1.13452,EURUSD,84
1.1347,2018-12-05 12:12:00,1.1347,19716532,1.1344,1.13451,EURUSD,70
1.1348,2018-12-05 12:13:00,1.13483,19716566,1.1345,1.1347,EURUSD,71
1.13499,2018-12-05 12:14:00,1.135,19716599,1.1346,1.1346,EURUSD,79
1.13503,2018-12-05 12:15:00,1.1351,19716622,1.1348,1.13499,EURUSD,53
1.135,2018-12-05 12:16:00,1.1351,19716651,1.1348,1.1351,EURUSD,29
1.135,2018-12-05 12:17:00,1.13501,19716659,1.1348,1.13496,EURUSD,55
1.13488,2018-12-05 12:18:00,1.13505,19716700,1.1348,1.13501,EURUSD,58
1.1349,2018-12-05 12:19:00,1.13511,19716721,1.1347,1.1348,EURUSD,68
1.13502,2018-12-05 12:20:00,1.1351,19716751,1.1348,1.13486,EURUSD,45
1.13513,2018-12-05 12:21:00,1.13515,19716782,1.1349,1.135,EURUSD,57
1.13518,2018-12-05 12:22:00,1.13526,19716815,1.135,1.1352,EURUSD,61
1.13512,2018-12-05 12:23:00,1.1352,19716831,1.1349,1.1352,EURUSD,70
1.13557,2018-12-05 12:24:00,1.13584,19716863,1.13511,1.13514,EURUSD,210
1.13566,2018-12-05 12:25:00,1.13568,19716885,1.1352,1.13558,EURUSD,108
1.13544,2018-12-05 12:26:00,1.13573,19716916,1.13544,1.13564,EURUSD,85
1.13543,2018-12-05 12:27:00,1.13575,19716945,1.1353,1.13545,EURUSD,92
1.1354,2018-12-05 12:28:00,1.13554,19716978,1.1352,1.13542,EURUSD,48
1.1353,2018-12-05 12:29:00,1.13548,19716997,1.1351,1.13539,EURUSD,92
1.13519,2018-12-05 12:30:00,1.13534,19717018,1.135,1.13529,EURUSD,77
1.1352,2018-12-05 12:31:00,1.13531,19717057,1.135,1.13517,EURUSD,119
1.13522,2018-12-05 12:32:00,1.13532,19717076,1.1351,1.13529,EURUSD,65
1.13525,2018-12-05 12:33:00,1.13531,19717110,1.135,1.13521,EURUSD,44
1.13524,2018-12-05 12:34:00,1.1353,19717138,1.135,1.1352,EURUSD,62
1.1351,2018-12-05 12:35:00,1.1353,19717166,1.135,1.13526,EURUSD,55
1.13517,2018-12-05 12:36:00,1.1352,19717188,1.135,1.13513,EURUSD,63
1.13515,2018-12-05 12:37:00,1.13527,19717213,1.1349,1.13518,EURUSD,71
1.13532,2018-12-05 12:38:00,1.13534,19717246,1.1351,1.13512,EURUSD,71
1.13524,2018-12-05 12:39:00,1.13543,19717269,1.1351,1.1353,EURUSD,63
1.13502,2018-12-05 12:40:00,1.13545,19717294,1.13501,1.13524,EURUSD,52
1.13507,2018-12-05 12:41:00,1.13525,19717326,1.1349,1.13502,EURUSD,59
1.1351,2018-12-05 12:42:00,1.13514,19717345,1.135,1.135,EURUSD,39
1.1351,2018-12-05 12:43:00,1.1353,19717369,1.135,1.13515,EURUSD,91
1.13524,2018-12-05 12:44:00,1.1353,19717405,1.135,1.13521,EURUSD,31
1.13512,2018-12-05 12:45:00,1.1353,19717437,1.135,1.13523,EURUSD,61
1.13506,2018-12-05 12:46:00,1.13513,19717455,1.1349,1.13513,EURUSD,63
1.13514,2018-12-05 12:47:00,1.1352,19717487,1.1349,1.135,EURUSD,48
1.1351,2018-12-05 12:48:00,1.13513,19717504,1.1349,1.13513,EURUSD,40
1.13508,2018-12-05 12:49:00,1.13511,19717542,1.1349,1.135,EURUSD,54
1.1351,2018-12-05 12:50:00,1.13513,19717569,1.1349,1.1349,EURUSD,51
1.13507,2018-12-05 12:51:00,1.1352,19717593,1.1349,1.13512,EURUSD,52
1.1351,2018-12-05 12:52:00,1.13514,19717626,1.1349,1.13509,EURUSD,30
1.13517,2018-12-05 12:53:00,1.1352,19717636,1.1349,1.13514,EURUSD,30
1.1351,2018-12-05 12:54:00,1.13523,19717666,1.135,1.135,EURUSD,60
1.13502,2018-12-05 12:55:00,1.1352,19717706,1.1349,1.13517,EURUSD,88
1.13502,2018-12-05 12:56:00,1.13507,19717724,1.1349,1.135,EURUSD,51
1.13512,2018-12-05 12:57:00,1.13513,19717739,1.1348,1.13502,EURUSD,68
1.13521,2018-12-05 12:58:00,1.13522,19717778,1.135,1.13513,EURUSD,108
1.13492,2018-12-05 12:59:00,1.13524,19717814,1.13487,1.13523,EURUSD,72
1.13498,2018-12-05 13:00:00,1.13519,19717837,1.1348,1.1349,EURUSD,102
1.13502,2018-12-05 13:01:00,1.13506,19717856,1.1348,1.13499,EURUSD,103
1.13523,2018-12-05 13:02:00,1.13525,19717890,1.1348,1.13503,EURUSD,89
1.1353,2018-12-05 13:03:00,1.13538,19717918,1.135,1.13525,EURUSD,135
1.1351,2018-12-05 13:04:00,1.13525,19717941,1.1349,1.13525,EURUSD,47
1.1351,2018-12-05 13:05:00,1.13513,19717975,1.1349,1.13511,EURUSD,18
1.1349,2018-12-05 13:06:00,1.13514,19718001,1.1349,1.13514,EURUSD,13
1.1351,2018-12-05 13:07:00,1.13514,19718029,1.1349,1.135,EURUSD,44
1.135,2018-12-05 13:08:00,1.13512,19718057,1.1349,1.135,EURUSD,40
1.1351,2018-12-05 13:09:00,1.13517,19718076,1.1348,1.1349,EURUSD,30
1.13511,2018-12-05 13:10:00,1.13523,19718086,1.135,1.13518,EURUSD,77
1.13511,2018-12-05 13:11:00,1.1352,19718134,1.1349,1.13511,EURUSD,40
1.13507,2018-12-05 13:12:00,1.1352,19718154,1.1349,1.135,EURUSD,45
1.13512,2018-12-05 13:13:00,1.13516,19718175,1.1349,1.13509,EURUSD,24
1.1351,2018-12-05 13:14:00,1.1352,19718220,1.135,1.13513,EURUSD,42
1.13507,2018-12-05 13:15:00,1.1352,19718246,1.1349,1.13514,EURUSD,58
1.135,2018-12-05 13:16:00,1.1351,19718270,1.1348,1.13509,EURUSD,72
1.1349,2018-12-05 13:17:00,1.13503,19718299,1.1348,1.135,EURUSD,12
1.1349,2018-12-05 13:18:00,1.13501,19718312,1.1348,1.13499,EURUSD,34
1.13475,2018-12-05 13:19:00,1.13499,19718346,1.1346,1.13495,EURUSD,61
1.13476,2018-12-05 13:20:00,1.1348,19718381,1.1346,1.1347,EURUSD,42
1.1347,2018-12-05 13:21:00,1.1348,19718405,1.1346,1.1348,EURUSD,23
1.1346,2018-12-05 13:22:00,1.13482,19718433,1.1346,1.1348,EURUSD,44
1.13486,2018-12-05 13:23:00,1.13494,19718450,1.1346,1.1348,EURUSD,70
1.1347,2018-12-05 13:24:00,1.13494,19718483,1.1347,1.13487,EURUSD,70
1.1348,2018-12-05 13:25:00,1.13497,19718516,1.1346,1.13479,EURUSD,82
1.13482,2018-12-05 13:26:00,1.13494,19718536,1.1347,1.13492,EURUSD,45
1.13476,2018-12-05 13:27:00,1.13483,19718569,1.1346,1.1347,EURUSD,31
1.1347,2018-12-05 13:28:00,1.1349,19718597,1.1346,1.13476,EURUSD,46
1.13487,2018-12-05 13:29:00,1.1349,19718621,1.1347,1.13486,EURUSD,45
1.13477,2018-12-05 13:30:00,1.13496,19718640,1.1347,1.1348,EURUSD,58
1.1347,2018-12-05 13:31:00,1.13498,19718677,1.1347,1.13481,EURUSD,68
1.13496,2018-12-05 13:32:00,1.13502,19718706,1.1348,1.135,EURUSD,59
1.13486,2018-12-05 13:33:00,1.13501,19718727,1.1347,1.13497,EURUSD,57
1.13465,2018-12-05 13:34:00,1.1349,19718750,1.1346,1.13484,EURUSD,75
1.13488,2018-12-05 13:35:00,1.13493,19718772,1.1345,1.13466,EURUSD,89
1.135,2018-12-05 13:36:00,1.135,19718808,1.1347,1.13489,EURUSD,51
1.13489,2018-12-05 13:37:00,1.13491,19718836,1.1347,1.13491,EURUSD,88
1.1348,2018-12-05 13:38:00,1.13499,19718860,1.1347,1.13491,EURUSD,61
1.13509,2018-12-05 13:39:00,1.13514,19718889,1.1348,1.13495,EURUSD,60
1.1351,2018-12-05 13:40:00,1.13511,19718921,1.1349,1.13509,EURUSD,52
1.13501,2018-12-05 13:41:00,1.13507,19718942,1.1348,1.13507,EURUSD,35
1.1349,2018-12-05 13:42:00,1.13504,19718968,1.1349,1.13501,EURUSD,17
1.13486,2018-12-05 13:43:00,1.13505,19718993,1.1348,1.13502,EURUSD,43
1.13482,2018-12-05 13:44:00,1.13493,19719026,1.1347,1.13486,EURUSD,55
1.1347,2018-12-05 13:45:00,1.1349,19719056,1.1346,1.13484,EURUSD,66
1.1349,2018-12-05 13:46:00,1.13504,19719081,1.1346,1.13477,EURUSD,86
1.1349,2018-12-05 13:47:00,1.135,19719110,1.1347,1.13497,EURUSD,53
1.13485,2018-12-05 13:48:00,1.13494,19719131,1.1347,1.13489,EURUSD,39
1.13483,2018-12-05 13:49:00,1.1349,19719162,1.1346,1.13485,EURUSD,41
1.13485,2018-12-05 13:50:00,1.1349,19719183,1.1346,1.1348,EURUSD,44
1.13483,2018-12-05 13:51:00,1.1349,19719209,1.1346,1.1348,EURUSD,41
1.13478,2018-12-05 13:52:00,1.1349,19719242,1.1346,1.13484,EURUSD,31
1.1348,2018-12-05 13:53:00,1.1348,19719272,1.1346,1.1346,EURUSD,55
1.1347,2018-12-05 13:54:00,1.13494,19719290,1.1346,1.13472,EURUSD,65
1.13492,2018-12-05 13:55:00,1.135,19719326,1.13472,1.13491,EURUSD,34
1.1348,2018-12-05 13:56:00,1.13496,19719347,1.1347,1.13494,EURUSD,27
1.135,2018-12-05 13:57:00,1.13501,19719374,1.1348,1.13495,EURUSD,40
1.13476,2018-12-05 13:58:00,1.135,19719403,1.1346,1.135,EURUSD,81
1.13456,2018-12-05 13:59:00,1.135,19719429,1.1345,1.13475,EURUSD,145
1.1343,2018-12-05 14:00:00,1.13478,19719456,1.1343,1.13457,EURUSD,128
1.1345,2018-12-05 14:01:00,1.1346,19719479,1.1343,1.13448,EURUSD,96
1.13449,2018-12-05 14:02:00,1.1346,19719493,1.1343,1.13451,EURUSD,68
1.13452,2018-12-05 14:03:00,1.1346,19719526,1.1343,1.13451,EURUSD,70
1.13448,2018-12-05 14:04:00,1.1346,19719563,1.1343,1.1343,EURUSD,84
1.13448,2018-12-05 14:05:00,1.1346,19719587,1.1343,1.1343,EURUSD,39
1.13453,2018-12-05 14:06:00,1.13458,19719617,1.1343,1.13451,EURUSD,49
1.13458,2018-12-05 14:07:00,1.13461,19719649,1.1343,1.13452,EURUSD,46
1.1344,2018-12-05 14:08:00,1.1346,19719675,1.1344,1.13458,EURUSD,34
1.13458,2018-12-05 14:09:00,1.13461,19719695,1.1344,1.13452,EURUSD,59
1.13461,2018-12-05 14:10:00,1.13463,19719730,1.1344,1.13459,EURUSD,56
1.1345,2018-12-05 14:11:00,1.13461,19719749,1.1344,1.1346,EURUSD,23
1.13458,2018-12-05 14:12:00,1.13462,19719780,1.1344,1.13456,EURUSD,29
1.13457,2018-12-05 14:13:00,1.1346,19719812,1.1344,1.1346,EURUSD,20
1.13456,2018-12-05 14:14:00,1.1346,19719834,1.1344,1.13458,EURUSD,21
1.1344,2018-12-05 14:15:00,1.1346,19719867,1.1343,1.13459,EURUSD,24
1.13453,2018-12-05 14:16:00,1.1346,19719894,1.1344,1.13454,EURUSD,30
1.1345,2018-12-05 14:17:00,1.13463,19719918,1.1344,1.13452,EURUSD,57
1.13464,2018-12-05 14:18:00,1.1347,19719942,1.1344,1.13464,EURUSD,46
1.13457,2018-12-05 14:19:00,1.1347,19719972,1.1344,1.13469,EURUSD,28
1.13448,2018-12-05 14:20:00,1.13465,19720002,1.1344,1.1345,EURUSD,34
1.1344,2018-12-05 14:21:00,1.13455,19720026,1.1343,1.1343,EURUSD,44
1.1344,2018-12-05 14:22:00,1.1345,19720046,1.1343,1.1345,EURUSD,9
1.13453,2018-12-05 14:23:00,1.1346,19720074,1.1344,1.1345,EURUSD,38
1.13462,2018-12-05 14:24:00,1.1347,19720109,1.1343,1.13452,EURUSD,44
1.1346,2018-12-05 14:25:00,1.13471,19720132,1.1344,1.1347,EURUSD,42
1.1344,2018-12-05 14:26:00,1.1347,19720161,1.1344,1.13463,EURUSD,50
1.13469,2018-12-05 14:27:00,1.1347,19720188,1.1345,1.13462,EURUSD,22
1.13467,2018-12-05 14:28:00,1.13475,19720218,1.1345,1.1345,EURUSD,42
1.1346,2018-12-05 14:29:00,1.1348,19720244,1.1346,1.1346,EURUSD,42
1.1346,2018-12-05 14:30:00,1.1348,19720272,1.1345,1.1348,EURUSD,40
1.13459,2018-12-05 14:31:00,1.13465,19720279,1.1344,1.13462,EURUSD,65
1.1346,2018-12-05 14:32:00,1.13477,19720307,1.1344,1.13458,EURUSD,75
1.1347,2018-12-05 14:33:00,1.1348,19720334,1.1345,1.13478,EURUSD,48
1.1347,2018-12-05 14:34:00,1.1348,19720375,1.1346,1.13475,EURUSD,17
1.1347,2018-12-05 14:35:00,1.1349,19720397,1.1346,1.1348,EURUSD,11
1.13464,2018-12-05 14:36:00,1.1349,19720422,1.1345,1.13472,EURUSD,50
1.13456,2018-12-05 14:37:00,1.1347,19720453,1.1345,1.13469,EURUSD,35
1.13451,2018-12-05 14:38:00,1.1347,19720482,1.1344,1.1347,EURUSD,37
1.13453,2018-12-05 14:39:00,1.1346,19720501,1.1344,1.1345,EURUSD,57
1.1345,2018-12-05 14:40:00,1.1347,19720537,1.1343,1.13452,EURUSD,67
1.13463,2018-12-05 14:41:00,1.1347,19720548,1.1345,1.13466,EURUSD,28
1.13449,2018-12-05 14:42:00,1.1347,19720572,1.13442,1.13465,EURUSD,61
1.1342,2018-12-05 14:43:00,1.13455,19720616,1.1342,1.13449,EURUSD,22
1.13439,2018-12-05 14:44:00,1.13451,19720636,1.1342,1.1343,EURUSD,48
1.13432,2018-12-05 14:45:00,1.1344,19720665,1.1341,1.13438,EURUSD,64
1.1344,2018-12-05 14:46:00,1.13445,19720693,1.1341,1.13432,EURUSD,75
1.1341,2018-12-05 14:47:00,1.13445,19720727,1.1341,1.13434,EURUSD,45
1.13422,2018-12-05 14:48:00,1.13433,19720754,1.1341,1.1342,EURUSD,61
1.13423,2018-12-05 14:49:00,1.1343,19720779,1.134,1.13421,EURUSD,50
1.13433,2018-12-05 14:50:00,1.13437,19720803,1.1341,1.1342,EURUSD,64
1.13419,2018-12-05 14:51:00,1.13435,19720832,1.134,1.13432,EURUSD,63
1.1341,2018-12-05 14:52:00,1.1342,19720855,1.134,1.1342,EURUSD,34
1.1343,2018-12-05 14:53:00,1.1343,19720889,1.134,1.13411,EURUSD,68
1.13423,2018-12-05 14:54:00,1.13431,19720913,1.1341,1.1342,EURUSD,75
1.1342,2018-12-05 14:55:00,1.1343,19720934,1.134,1.13424,EURUSD,36
1.134,2018-12-05 14:56:00,1.1343,19720965,1.134,1.13422,EURUSD,33
1.13409,2018-12-05 14:57:00,1.1343,19720985,1.134,1.13425,EURUSD,50
1.13405,2018-12-05 14:58:00,1.1342,19721023,1.1339,1.13408,EURUSD,88
1.13407,2018-12-05 14:59:00,1.13411,19721049,1.1339,1.13406,EURUSD,40
1.13403,2018-12-05 15:00:00,1.1341,19721069,1.1339,1.1339,EURUSD,106
1.13419,2018-12-05 15:01:00,1.1342,19721108,1.134,1.13409,EURUSD,80
1.13428,2018-12-05 15:02:00,1.13432,19721126,1.1341,1.1342,EURUSD,54
1.13441,2018-12-05 15:03:00,1.13445,19721160,1.1341,1.13429,EURUSD,70
1.13438,2018-12-05 15:04:00,1.13441,19721185,1.1342,1.1344,EURUSD,52
1.13442,2018-12-05 15:05:00,1.1345,19721216,1.1342,1.13439,EURUSD,64
1.13447,2018-12-05 15:06:00,1.13455,19721235,1.1342,1.13441,EURUSD,65
1.13432,2018-12-05 15:07:00,1.1345,19721260,1.13429,1.13449,EURUSD,40
1.1342,2018-12-05 15:08:00,1.13451,19721296,1.1342,1.13433,EURUSD,29
1.1343,2018-12-05 15:09:00,1.1344,19721318,1.1342,1.13436,EURUSD,46
1.1341,2018-12-05 15:10:00,1.1344,19721346,1.1341,1.13432,EURUSD,38
1.1342,2018-12-05 15:11:00,1.1344,19721374,1.134,1.1343,EURUSD,54
1.1341,2018-12-05 15:12:00,1.13434,19721391,1.134,1.1341,EURUSD,39
1.134,2018-12-05 15:13:00,1.13423,19721421,1.134,1.13423,EURUSD,58
1.13418,2018-12-05 15:14:00,1.13422,19721443,1.134,1.1341,EURUSD,81
1.1341,2018-12-05 15:15:00,1.13427,19721478,1.134,1.134,EURUSD,50
1.1341,2018-12-05 15:16:00,1.1343,19721511,1.1341,1.13418,EURUSD,50
1.13426,2018-12-05 15:17:00,1.13431,19721520,1.1341,1.13428,EURUSD,33
1.1341,2018-12-05 15:18:00,1.1343,19721559,1.1341,1.13428,EURUSD,21
1.13424,2018-12-05 15:19:00,1.1343,19721592,1.1341,1.13428,EURUSD,32
1.13425,2018-12-05 15:20:00,1.1343,19721619,1.134,1.13423,EURUSD,48
1.1341,2018-12-05 15:21:00,1.1343,19721641,1.1341,1.13424,EURUSD,35
1.13421,2018-12-05 15:22:00,1.13428,19721670,1.134,1.13425,EURUSD,53
1.13426,2018-12-05 15:23:00,1.1343,19721697,1.134,1.134,EURUSD,60
1.13422,2018-12-05 15:24:00,1.1343,19721725,1.1341,1.1341,EURUSD,45
1.13417,2018-12-05 15:25:00,1.1343,19721752,1.134,1.13422,EURUSD,55
1.134,2018-12-05 15:26:00,1.1342,19721773,1.134,1.13419,EURUSD,56
1.1341,2018-12-05 15:27:00,1.1342,19721803,1.134,1.13413,EURUSD,24
1.13411,2018-12-05 15:28:00,1.1342,19721830,1.1339,1.1342,EURUSD,41
1.13412,2018-12-05 15:29:00,1.1342,19721857,1.1339,1.13409,EURUSD,47
1.13422,2018-12-05 15:30:00,1.13425,19721884,1.134,1.13413,EURUSD,60
1.13409,2018-12-05 15:31:00,1.13423,19721903,1.134,1.13423,EURUSD,47
1.13412,2018-12-05 15:32:00,1.13415,19721934,1.1339,1.13408,EURUSD,36
1.134,2018-12-05 15:33:00,1.1342,19721965,1.1339,1.13413,EURUSD,26
1.134,2018-12-05 15:34:00,1.1342,19721981,1.134,1.13413,EURUSD,28
1.13412,2018-12-05 15:35:00,1.1342,19722012,1.134,1.1341,EURUSD,40
1.13402,2018-12-05 15:36:00,1.1342,19722044,1.1339,1.13413,EURUSD,43
1.134,2018-12-05 15:37:00,1.1341,19722074,1.1339,1.13403,EURUSD,19
1.13398,2018-12-05 15:38:00,1.13402,19722103,1.1338,1.13402,EURUSD,70
1.13409,2018-12-05 15:39:00,1.13409,19722121,1.1338,1.13399,EURUSD,38
1.13405,2018-12-05 15:40:00,1.1341,19722141,1.1339,1.13407,EURUSD,48
1.13407,2018-12-05 15:41:00,1.1341,19722172,1.1339,1.13407,EURUSD,48
1.13404,2018-12-05 15:42:00,1.1341,19722207,1.1338,1.13409,EURUSD,61
1.134,2018-12-05 15:43:00,1.1341,19722234,1.1338,1.13405,EURUSD,49
1.1341,2018-12-05 15:44:00,1.13413,19722259,1.1338,1.13403,EURUSD,67
1.13412,2018-12-05 15:45:00,1.13421,19722291,1.1339,1.13412,EURUSD,53
1.13418,2018-12-05 15:46:00,1.1342,19722317,1.1339,1.1341,EURUSD,61
1.1341,2018-12-05 15:47:00,1.1343,19722340,1.134,1.13418,EURUSD,38
1.13421,2018-12-05 15:48:00,1.1343,19722368,1.1341,1.13421,EURUSD,58
1.13422,2018-12-05 15:49:00,1.1343,19722386,1.134,1.13422,EURUSD,39
1.1341,2018-12-05 15:50:00,1.1344,19722420,1.1341,1.13425,EURUSD,43
1.13426,2018-12-05 15:51:00,1.13433,19722449,1.1341,1.13433,EURUSD,51
1.13416,2018-12-05 15:52:00,1.1343,19722469,1.134,1.13425,EURUSD,72
1.13418,2018-12-05 15:53:00,1.13425,19722504,1.134,1.13413,EURUSD,58
1.13421,2018-12-05 15:54:00,1.13423,19722531,1.134,1.13421,EURUSD,65
1.1342,2018-12-05 15:55:00,1.13421,19722549,1.134,1.1342,EURUSD,41
1.1342,2018-12-05 15:56:00,1.13434,19722585,1.134,1.13421,EURUSD,47
1.1343,2018-12-05 15:57:00,1.13437,19722606,1.1342,1.13433,EURUSD,19
1.13434,2018-12-05 15:58:00,1.1344,19722640,1.1342,1.13434,EURUSD,25
1.1344,2018-12-05 15:59:00,1.13449,19722663,1.1342,1.13435,EURUSD,51
1.13445,2018-12-05 16:00:00,1.1345,19722682,1.1342,1.1344,EURUSD,40
1.13427,2018-12-05 16:01:00,1.13446,19722703,1.1341,1.13444,EURUSD,59
1.13429,2018-12-05 16:02:00,1.13431,19722728,1.1341,1.13428,EURUSD,22
1.1343,2018-12-05 16:03:00,1.13432,19722768,1.1341,1.13429,EURUSD,28
1.13442,2018-12-05 16:04:00,1.13445,19722778,1.1342,1.13431,EURUSD,25
1.13448,2018-12-05 16:05:00,1.13455,19722827,1.1342,1.1342,EURUSD,47
1.1345,2018-12-05 16:06:00,1.13454,19722854,1.1343,1.13446,EURUSD,13
1.1344,2018-12-05 16:07:00,1.1345,19722869,1.1343,1.13447,EURUSD,18
1.1345,2018-12-05 16:08:00,1.1345,19722903,1.1343,1.13449,EURUSD,20
1.13448,2018-12-05 16:09:00,1.13448,19722932,1.1343,1.1344,EURUSD,4
1.13447,2018-12-05 16:10:00,1.1345,19722957,1.1343,1.1345,EURUSD,23
1.1345,2018-12-05 16:11:00,1.1345,19722989,1.1343,1.1345,EURUSD,12
1.13449,2018-12-05 16:12:00,1.1345,19723015,1.1343,1.1344,EURUSD,12
1.1344,2018-12-05 16:13:00,1.1345,19723036,1.1343,1.1345,EURUSD,14
1.13427,2018-12-05 16:14:00,1.13452,19723060,1.1342,1.13446,EURUSD,56
1.13437,2018-12-05 16:15:00,1.13442,19723097,1.1342,1.1342,EURUSD,60
1.13438,2018-12-05 16:16:00,1.13441,19723115,1.1342,1.1344,EURUSD,36
1.13436,2018-12-05 16:17:00,1.1344,19723153,1.1342,1.13437,EURUSD,38
1.13438,2018-12-05 16:18:00,1.1344,19723168,1.1342,1.13438,EURUSD,26
1.1343,2018-12-05 16:19:00,1.13437,19723184,1.1342,1.13436,EURUSD,10
1.1343,2018-12-05 16:20:00,1.13443,19723233,1.1341,1.13438,EURUSD,24
1.1344,2018-12-05 16:21:00,1.13452,19723254,1.1343,1.13444,EURUSD,40
1.1343,2018-12-05 16:22:00,1.13453,19723278,1.1343,1.13449,EURUSD,24
1.13453,2018-12-05 16:23:00,1.1346,19723295,1.1344,1.1345,EURUSD,21
1.13468,2018-12-05 16:24:00,1.13469,19723334,1.1343,1.1345,EURUSD,42
1.13464,2018-12-05 16:25:00,1.1347,19723364,1.1345,1.13463,EURUSD,62
1.1345,2018-12-05 16:26:00,1.1347,19723388,1.1345,1.13465,EURUSD,33
1.1344,2018-12-05 16:27:00,1.1347,19723420,1.1344,1.1346,EURUSD,26
1.1346,2018-12-05 16:28:00,1.1347,19723430,1.1344,1.1345,EURUSD,26
1.13468,2018-12-05 16:29:00,1.1347,19723465,1.1344,1.13464,EURUSD,51
1.1347,2018-12-05 16:30:00,1.1347,19723503,1.1345,1.13466,EURUSD,64
1.1346,2018-12-05 16:31:00,1.1347,19723529,1.1344,1.13461,EURUSD,35
1.1346,2018-12-05 16:32:00,1.1347,19723548,1.1344,1.13465,EURUSD,31
1.1345,2018-12-05 16:33:00,1.1347,19723581,1.1344,1.13461,EURUSD,9
1.1346,2018-12-05 16:34:00,1.1347,19723608,1.1344,1.13461,EURUSD,15
1.13458,2018-12-05 16:35:00,1.13463,19723635,1.1344,1.13461,EURUSD,19
1.1345,2018-12-05 16:36:00,1.1346,19723663,1.1344,1.13456,EURUSD,19
1.1346,2018-12-05 16:37:00,1.13461,19723689,1.1344,1.1346,EURUSD,52
1.1345,2018-12-05 16:38:00,1.13462,19723707,1.1344,1.13454,EURUSD,58
1.13448,2018-12-05 16:39:00,1.1346,19723742,1.1343,1.1344,EURUSD,48
1.13436,2018-12-05 16:40:00,1.13455,19723763,1.1343,1.13448,EURUSD,83
1.13437,2018-12-05 16:41:00,1.13452,19723796,1.1342,1.13438,EURUSD,48
1.13438,2018-12-05 16:42:00,1.1344,19723816,1.1342,1.1344,EURUSD,16
1.1342,2018-12-05 16:43:00,1.13443,19723852,1.1342,1.13439,EURUSD,34
1.1343,2018-12-05 16:44:00,1.1344,19723875,1.1342,1.13434,EURUSD,28
1.13437,2018-12-05 16:45:00,1.1344,19723898,1.1342,1.13437,EURUSD,32
1.13439,2018-12-05 16:46:00,1.1344,19723932,1.1342,1.13439,EURUSD,34
1.1342,2018-12-05 16:47:00,1.1344,19723948,1.1342,1.1344,EURUSD,30
1.1342,2018-12-05 16:48:00,1.1344,19723987,1.1342,1.1343,EURUSD,30
1.13442,2018-12-05 16:49:00,1.13443,19724013,1.1342,1.13436,EURUSD,31
1.1344,2018-12-05 16:50:00,1.1345,19724037,1.1343,1.1344,EURUSD,31
1.1343,2018-12-05 16:51:00,1.13444,19724064,1.1342,1.13442,EURUSD,48
1.1344,2018-12-05 16:52:00,1.1345,19724077,1.1342,1.13439,EURUSD,49
1.13441,2018-12-05 16:53:00,1.1345,19724109,1.1343,1.13445,EURUSD,36
1.13442,2018-12-05 16:54:00,1.1345,19724140,1.1342,1.1344,EURUSD,33
1.13443,2018-12-05 16:55:00,1.1345,19724165,1.1342,1.13443,EURUSD,66
1.13437,2018-12-05 16:56:00,1.1345,19724198,1.1342,1.13443,EURUSD,53
1.1343,2018-12-05 16:57:00,1.1345,19724220,1.1343,1.13436,EURUSD,31
1.1343,2018-12-05 16:58:00,1.1345,19724251,1.1343,1.13442,EURUSD,46
1.1344,2018-12-05 16:59:00,1.1345,19724279,1.1342,1.13442,EURUSD,33
1.1342,2018-12-05 17:00:00,1.1345,19724306,1.1342,1.1343,EURUSD,33
1.13436,2018-12-05 17:01:00,1.1345,19724334,1.1342,1.13438,EURUSD,28
1.1343,2018-12-05 17:02:00,1.13441,19724355,1.1342,1.13423,EURUSD,15
1.1342,2018-12-05 17:03:00,1.1344,19724377,1.1342,1.13433,EURUSD,17
1.1343,2018-12-05 17:04:00,1.13441,19724407,1.1343,1.13441,EURUSD,4
1.1343,2018-12-05 17:05:00,1.1344,19724430,1.1342,1.1342,EURUSD,11
1.1344,2018-12-05 17:06:00,1.1345,19724458,1.1342,1.13435,EURUSD,21
1.1345,2018-12-05 17:07:00,1.1345,19724487,1.1342,1.13442,EURUSD,22
1.13453,2018-12-05 17:08:00,1.1346,19724504,1.1344,1.13448,EURUSD,21
1.1345,2018-12-05 17:09:00,1.13475,19724532,1.1343,1.13447,EURUSD,43
1.13453,2018-12-05 17:10:00,1.1347,19724556,1.13437,1.13437,EURUSD,18
1.1345,2018-12-05 17:11:00,1.1347,19724574,1.1344,1.1345,EURUSD,17
1.13444,2018-12-05 17:12:00,1.1346,19724605,1.13434,1.1345,EURUSD,39
1.1345,2018-12-05 17:13:00,1.1346,19724622,1.1343,1.1345,EURUSD,38
1.13463,2018-12-05 17:14:00,1.13464,19724654,1.1343,1.1343,EURUSD,32
1.13443,2018-12-05 17:15:00,1.1348,19724684,1.13435,1.13461,EURUSD,51
1.1346,2018-12-05 17:16:00,1.13463,19724712,1.1344,1.1344,EURUSD,40
1.1346,2018-12-05 17:17:00,1.1346,19724733,1.1344,1.13457,EURUSD,47
1.13452,2018-12-05 17:18:00,1.1346,19724759,1.1344,1.13453,EURUSD,29
1.13451,2018-12-05 17:19:00,1.1346,19724787,1.1344,1.13453,EURUSD,52
1.1344,2018-12-05 17:20:00,1.1346,19724807,1.1344,1.1346,EURUSD,25
1.1344,2018-12-05 17:21:00,1.1347,19724826,1.1344,1.13456,EURUSD,14
1.1345,2018-12-05 17:22:00,1.13456,19724857,1.1344,1.1345,EURUSD,19
1.1346,2018-12-05 17:23:00,1.1347,19724884,1.1344,1.1346,EURUSD,38
1.1344,2018-12-05 17:24:00,1.1347,19724904,1.1344,1.13458,EURUSD,34
1.13471,2018-12-05 17:25:00,1.1349,19724929,1.1344,1.13452,EURUSD,96
1.13443,2018-12-05 17:26:00,1.1349,19724956,1.1344,1.1348,EURUSD,74
1.1345,2018-12-05 17:27:00,1.1348,19724977,1.1344,1.13444,EURUSD,106
1.13444,2018-12-05 17:28:00,1.13475,19725002,1.13441,1.1345,EURUSD,65
1.13442,2018-12-05 17:29:00,1.1347,19725036,1.1344,1.13444,EURUSD,32
1.13446,2018-12-05 17:30:00,1.13465,19725057,1.1344,1.13441,EURUSD,64
1.13444,2018-12-05 17:31:00,1.1348,19725079,1.1344,1.1344,EURUSD,55
1.13447,2018-12-05 17:32:00,1.1348,19725102,1.1344,1.13449,EURUSD,85
1.13445,2018-12-05 17:33:00,1.1346,19725135,1.1343,1.13446,EURUSD,68
1.1345,2018-12-05 17:34:00,1.1346,19725148,1.1343,1.13446,EURUSD,62
1.1346,2018-12-05 17:35:00,1.13473,19725182,1.1344,1.13452,EURUSD,118
1.1346,2018-12-05 17:36:00,1.13466,19725212,1.1344,1.1344,EURUSD,51
1.1345,2018-12-05 17:37:00,1.1347,19725224,1.13446,1.1345,EURUSD,36
1.13467,2018-12-05 17:38:00,1.1347,19725262,1.1344,1.1346,EURUSD,49
1.13467,2018-12-05 17:39:00,1.1348,19725283,1.13446,1.1346,EURUSD,27
1.13473,2018-12-05 17:40:00,1.1348,19725305,1.13445,1.1346,EURUSD,45
1.1346,2018-12-05 17:41:00,1.1348,19725335,1.13445,1.1348,EURUSD,96
1.13464,2018-12-05 17:42:00,1.1347,19725359,1.13445,1.1346,EURUSD,137
1.13447,2018-12-05 17:43:00,1.1347,19725380,1.13445,1.13463,EURUSD,95
1.1345,2018-12-05 17:44:00,1.1347,19725405,1.1344,1.1345,EURUSD,130
1.13463,2018-12-05 17:45:00,1.1348,19725435,1.13444,1.13452,EURUSD,66
1.13463,2018-12-05 17:46:00,1.13471,19725457,1.1345,1.1346,EURUSD,63
1.1346,2018-12-05 17:47:00,1.13475,19725479,1.13447,1.13467,EURUSD,59
1.13469,2018-12-05 17:48:00,1.1348,19725504,1.13455,1.13468,EURUSD,267
1.13476,2018-12-05 17:49:00,1.13483,19725529,1.1345,1.13466,EURUSD,81
1.13464,2018-12-05 17:50:00,1.1349,19725553,1.13445,1.13484,EURUSD,149
1.1347,2018-12-05 17:51:00,1.1348,19725579,1.13446,1.13446,EURUSD,46
1.1346,2018-12-05 17:52:00,1.1347,19725608,1.13446,1.13449,EURUSD,26
1.13447,2018-12-05 17:53:00,1.1348,19725629,1.13443,1.1345,EURUSD,63
1.13446,2018-12-05 17:54:00,1.1347,19725657,1.13446,1.13461,EURUSD,71
1.13461,2018-12-05 17:55:00,1.1347,19725682,1.13445,1.1346,EURUSD,105
1.13463,2018-12-05 17:56:00,1.1347,19725704,1.13446,1.13448,EURUSD,67
1.1347,2018-12-05 17:57:00,1.1347,19725728,1.13446,1.13447,EURUSD,49
1.13446,2018-12-05 17:58:00,1.13472,19725753,1.13446,1.13464,EURUSD,98
1.13464,2018-12-05 17:59:00,1.1348,19725777,1.13444,1.1345,EURUSD,45
1.13466,2018-12-05 18:00:00,1.13474,19725809,1.13445,1.1347,EURUSD,68
1.1346,2018-12-05 18:01:00,1.1348,19725832,1.1346,1.13467,EURUSD,215
1.13472,2018-12-05 18:02:00,1.1348,19725856,1.1346,1.1347,EURUSD,97
1.13471,2018-12-05 18:03:00,1.13492,19725882,1.1346,1.1347,EURUSD,178
1.13472,2018-12-05 18:04:00,1.135,19725915,1.1347,1.13472,EURUSD,110
1.13486,2018-12-05 18:05:00,1.135,19725940,1.1347,1.13493,EURUSD,91
1.13487,2018-12-05 18:06:00,1.13497,19725949,1.1347,1.13485,EURUSD,134
1.13481,2018-12-05 18:07:00,1.1349,19725995,1.1347,1.13488,EURUSD,109
1.13485,2018-12-05 18:08:00,1.13492,19726021,1.1345,1.1348,EURUSD,132
1.1348,2018-12-05 18:09:00,1.1351,19726052,1.1347,1.13489,EURUSD,58
1.13486,2018-12-05 18:10:00,1.135,19726077,1.1347,1.13493,EURUSD,82
1.1347,2018-12-05 18:11:00,1.13499,19726104,1.13447,1.13483,EURUSD,87
1.13465,2018-12-05 18:12:00,1.1348,19726129,1.1345,1.13464,EURUSD,123
1.13463,2018-12-05 18:13:00,1.1347,19726159,1.1345,1.13465,EURUSD,66
1.13459,2018-12-05 18:14:00,1.1347,19726179,1.1345,1.13462,EURUSD,59
1.1345,2018-12-05 18:15:00,1.1347,19726209,1.1344,1.1346,EURUSD,70
1.13468,2018-12-05 18:16:00,1.1348,19726231,1.1346,1.13463,EURUSD,106
1.13466,2018-12-05 18:17:00,1.13473,19726262,1.1345,1.13468,EURUSD,55
1.13465,2018-12-05 18:18:00,1.13471,19726285,1.1345,1.1346,EURUSD,88
1.13465,2018-12-05 18:19:00,1.1347,19726319,1.1345,1.13466,EURUSD,160
1.13465,2018-12-05 18:20:00,1.1347,19726337,1.1345,1.1347,EURUSD,118
1.13459,2018-12-05 18:21:00,1.13472,19726361,1.1345,1.13464,EURUSD,102
1.1346,2018-12-05 18:22:00,1.1347,19726376,1.1345,1.13459,EURUSD,180
1.1347,2018-12-05 18:23:00,1.1347,19726427,1.1344,1.13457,EURUSD,134
1.1346,2018-12-05 18:24:00,1.1347,19726442,1.1344,1.13458,EURUSD,33
1.1345,2018-12-05 18:25:00,1.13462,19726475,1.1344,1.13459,EURUSD,34
1.1346,2018-12-05 18:26:00,1.13465,19726490,1.1344,1.1346,EURUSD,57
1.1347,2018-12-05 18:27:00,1.1347,19726528,1.1344,1.13462,EURUSD,57
1.1345,2018-12-05 18:28:00,1.13464,19726559,1.1344,1.1346,EURUSD,155
1.13456,2018-12-05 18:29:00,1.1346,19726584,1.1344,1.13457,EURUSD,105
1.13459,2018-12-05 18:30:00,1.1346,19726614,1.1344,1.13457,EURUSD,137
1.13475,2018-12-05 18:31:00,1.1348,19726637,1.1344,1.1345,EURUSD,122
1.13463,2018-12-05 18:32:00,1.1348,19726659,1.1345,1.13475,EURUSD,104
1.13471,2018-12-05 18:33:00,1.13472,19726688,1.1345,1.1346,EURUSD,66
1.13469,2018-12-05 18:34:00,1.1348,19726717,1.1345,1.13468,EURUSD,81
1.13469,2018-12-05 18:35:00,1.1348,19726726,1.1345,1.13469,EURUSD,51
1.13465,2018-12-05 18:36:00,1.1348,19726765,1.1345,1.1347,EURUSD,62
1.13464,2018-12-05 18:37:00,1.13473,19726797,1.1345,1.13467,EURUSD,83
1.13466,2018-12-05 18:38:00,1.13474,19726821,1.1345,1.13467,EURUSD,59
1.13455,2018-12-05 18:39:00,1.1347,19726848,1.1344,1.1346,EURUSD,51
1.1346,2018-12-05 18:40:00,1.13466,19726876,1.1344,1.13466,EURUSD,31
1.13466,2018-12-05 18:41:00,1.1347,19726912,1.1343,1.13456,EURUSD,38
1.13458,2018-12-05 18:42:00,1.1347,19726935,1.1345,1.13468,EURUSD,25
1.13452,2018-12-05 18:43:00,1.1347,19726962,1.1344,1.1346,EURUSD,30
1.13453,2018-12-05 18:44:00,1.1346,19726987,1.1344,1.1346,EURUSD,28
1.1346,2018-12-05 18:45:00,1.1346,19727007,1.1344,1.1344,EURUSD,13
1.13455,2018-12-05 18:46:00,1.1346,19727044,1.1344,1.13456,EURUSD,45
1.13461,2018-12-05 18:47:00,1.1347,19727067,1.1345,1.13459,EURUSD,43
1.13457,2018-12-05 18:48:00,1.13464,19727088,1.1344,1.13462,EURUSD,102
1.13457,2018-12-05 18:49:00,1.1347,19727120,1.1344,1.13455,EURUSD,33
1.13462,2018-12-05 18:50:00,1.13464,19727146,1.1344,1.1345,EURUSD,29
1.1348,2018-12-05 18:51:00,1.1348,19727159,1.1345,1.13464,EURUSD,42
1.1347,2018-12-05 18:52:00,1.13482,19727193,1.1346,1.13477,EURUSD,35
1.13471,2018-12-05 18:53:00,1.13483,19727224,1.1345,1.13476,EURUSD,48
1.1346,2018-12-05 18:54:00,1.1349,19727257,1.1346,1.1347,EURUSD,82
1.13476,2018-12-05 18:55:00,1.1349,19727279,1.1346,1.1347,EURUSD,77
1.13482,2018-12-05 18:56:00,1.1349,19727312,1.1346,1.13474,EURUSD,59
1.13488,2018-12-05 18:57:00,1.13492,19727336,1.1347,1.13484,EURUSD,52
1.1346,2018-12-05 18:58:00,1.13492,19727357,1.1346,1.13489,EURUSD,49
1.13477,2018-12-05 18:59:00,1.1349,19727392,1.1346,1.13481,EURUSD,49
1.13486,2018-12-05 19:00:00,1.1349,19727413,1.1347,1.1348,EURUSD,60
1.1346,2018-12-05 19:01:00,1.1349,19727445,1.1345,1.13486,EURUSD,131
1.13459,2018-12-05 19:02:00,1.1347,19727467,1.1344,1.13461,EURUSD,86
1.13496,2018-12-05 19:03:00,1.13515,19727493,1.1345,1.1346,EURUSD,194
1.1346,2018-12-05 19:04:00,1.13518,19727524,1.13452,1.13492,EURUSD,164
1.13468,2018-12-05 19:05:00,1.1348,19727541,1.1345,1.1348,EURUSD,84
1.13484,2018-12-05 19:06:00,1.13489,19727583,1.1345,1.13469,EURUSD,149
1.13501,2018-12-05 19:07:00,1.13503,19727600,1.1346,1.13483,EURUSD,168
1.13503,2018-12-05 19:08:00,1.13509,19727633,1.1348,1.13502,EURUSD,146
1.13487,2018-12-05 19:09:00,1.13502,19727647,1.1347,1.13501,EURUSD,91
1.13469,2018-12-05 19:10:00,1.13495,19727685,1.13462,1.13486,EURUSD,164
1.13463,2018-12-05 19:11:00,1.13488,19727719,1.1345,1.13468,EURUSD,81
1.13474,2018-12-05 19:12:00,1.1348,19727737,1.1344,1.13463,EURUSD,104
1.13467,2018-12-05 19:13:00,1.1348,19727760,1.1345,1.13476,EURUSD,108
1.13474,2018-12-05 19:14:00,1.1348,19727798,1.1345,1.13468,EURUSD,56
1.13473,2018-12-05 19:15:00,1.1348,19727822,1.1346,1.13474,EURUSD,33
1.13466,2018-12-05 19:16:00,1.1348,19727845,1.1345,1.13475,EURUSD,70
1.13472,2018-12-05 19:17:00,1.13476,19727881,1.1345,1.1345,EURUSD,67
1.13461,2018-12-05 19:18:00,1.1348,19727903,1.1345,1.13473,EURUSD,57
1.1347,2018-12-05 19:19:00,1.13475,19727934,1.1345,1.13461,EURUSD,59
1.13468,2018-12-05 19:20:00,1.1348,19727956,1.1345,1.1348,EURUSD,47
1.1345,2018-12-05 19:21:00,1.1347,19727980,1.1345,1.13469,EURUSD,34
1.13473,2018-12-05 19:22:00,1.1348,19728017,1.1345,1.13468,EURUSD,47
1.1346,2018-12-05 19:23:00,1.1348,19728040,1.1346,1.13474,EURUSD,30
1.13463,2018-12-05 19:24:00,1.1347,19728060,1.1344,1.13468,EURUSD,61
1.1345,2018-12-05 19:25:00,1.13469,19728090,1.1344,1.1346,EURUSD,128
1.1345,2018-12-05 19:26:00,1.13475,19728118,1.1345,1.13454,EURUSD,94
1.1347,2018-12-05 19:27:00,1.1348,19728150,1.13467,1.1347,EURUSD,71
1.13483,2018-12-05 19:28:00,1.13484,19728159,1.1346,1.13476,EURUSD,60
1.13489,2018-12-05 19:29:00,1.1349,19728198,1.1346,1.13483,EURUSD,46
1.13483,2018-12-05 19:30:00,1.1349,19728228,1.1347,1.13488,EURUSD,67
1.13487,2018-12-05 19:31:00,1.13497,19728245,1.1347,1.13487,EURUSD,113
1.13488,2018-12-05 19:32:00,1.13497,19728271,1.1347,1.13485,EURUSD,57
1.13483,2018-12-05 19:33:00,1.1349,19728310,1.1347,1.13486,EURUSD,71
1.13477,2018-12-05 19:34:00,1.13496,19728332,1.1346,1.13489,EURUSD,105
1.13473,2018-12-05 19:35:00,1.1348,19728353,1.1346,1.13476,EURUSD,100
1.1349,2018-12-05 19:36:00,1.13497,19728383,1.1346,1.13475,EURUSD,138
1.135,2018-12-05 19:37:00,1.135,19728413,1.1347,1.1349,EURUSD,69
1.13494,2018-12-05 19:38:00,1.13498,19728436,1.1347,1.13494,EURUSD,50
1.135,2018-12-05 19:39:00,1.135,19728459,1.1348,1.13494,EURUSD,65
1.13492,2018-12-05 19:40:00,1.135,19728493,1.13486,1.13497,EURUSD,75
1.1347,2018-12-05 19:41:00,1.135,19728527,1.1347,1.1349,EURUSD,61
1.13478,2018-12-05 19:42:00,1.13494,19728557,1.1346,1.13479,EURUSD,87
1.1348,2018-12-05 19:43:00,1.13491,19728575,1.1346,1.13477,EURUSD,75
1.13483,2018-12-05 19:44:00,1.13494,19728597,1.1347,1.1349,EURUSD,70
1.13482,2018-12-05 19:45:00,1.1349,19728629,1.1346,1.1347,EURUSD,35
1.13483,2018-12-05 19:46:00,1.13485,19728648,1.1346,1.13482,EURUSD,53
1.13489,2018-12-05 19:47:00,1.13491,19728671,1.1347,1.13484,EURUSD,82
1.13488,2018-12-05 19:48:00,1.13492,19728719,1.1347,1.13488,EURUSD,79
1.1349,2018-12-05 19:49:00,1.135,19728745,1.1347,1.1347,EURUSD,69
1.13492,2018-12-05 19:50:00,1.135,19728768,1.1347,1.13489,EURUSD,70
1.13488,2018-12-05 19:51:00,1.135,19728785,1.1348,1.13494,EURUSD,51
1.13486,2018-12-05 19:52:00,1.13495,19728825,1.1347,1.1347,EURUSD,39
1.13492,2018-12-05 19:53:00,1.135,19728840,1.1347,1.13484,EURUSD,115
1.13492,2018-12-05 19:54:00,1.135,19728870,1.1347,1.13493,EURUSD,67
1.13496,2018-12-05 19:55:00,1.13503,19728887,1.1347,1.13492,EURUSD,88
1.13499,2018-12-05 19:56:00,1.13504,19728924,1.1347,1.13498,EURUSD,165
1.13498,2018-12-05 19:57:00,1.13506,19728952,1.1348,1.13498,EURUSD,88
1.13503,2018-12-05 19:58:00,1.1351,19728979,1.1348,1.1348,EURUSD,66
1.13493,2018-12-05 19:59:00,1.1351,19729012,1.13488,1.1349,EURUSD,73
1.13492,2018-12-05 20:00:00,1.135,19729043,1.1348,1.13497,EURUSD,28
1.13488,2018-12-05 20:01:00,1.135,19729069,1.1347,1.13494,EURUSD,231
1.13504,2018-12-05 20:02:00,1.1351,19729091,1.1348,1.13487,EURUSD,188
1.1347,2018-12-05 20:03:00,1.1351,19729124,1.1347,1.13506,EURUSD,90
1.13503,2018-12-05 20:04:00,1.13512,19729135,1.1347,1.1348,EURUSD,134
1.1348,2018-12-05 20:05:00,1.13506,19729178,1.1347,1.1349,EURUSD,153
1.13493,2018-12-05 20:06:00,1.13494,19729187,1.1346,1.13481,EURUSD,178
1.13473,2018-12-05 20:07:00,1.13494,19729226,1.1346,1.13494,EURUSD,224
1.13462,2018-12-05 20:08:00,1.13475,19729246,1.1344,1.13474,EURUSD,157
1.13479,2018-12-05 20:09:00,1.13484,19729285,1.1345,1.13461,EURUSD,137
1.13478,2018-12-05 20:10:00,1.1348,19729312,1.1346,1.13478,EURUSD,87
1.1349,2018-12-05 20:11:00,1.1349,19729331,1.1346,1.1348,EURUSD,86
1.135,2018-12-05 20:12:00,1.135,19729350,1.1347,1.1349,EURUSD,63
1.13499,2018-12-05 20:13:00,1.135,19729379,1.1348,1.13499,EURUSD,65
1.13495,2018-12-05 20:14:00,1.13516,19729417,1.1348,1.13498,EURUSD,119
1.13498,2018-12-05 20:15:00,1.13501,19729432,1.1348,1.13495,EURUSD,85
1.1351,2018-12-05 20:16:00,1.13513,19729465,1.1348,1.13496,EURUSD,152
1.13505,2018-12-05 20:17:00,1.1351,19729495,1.1349,1.13494,EURUSD,94
1.13505,2018-12-05 20:18:00,1.1351,19729522,1.1348,1.135,EURUSD,67
1.13514,2018-12-05 20:19:00,1.13515,19729555,1.1349,1.1349,EURUSD,52
1.13509,2018-12-05 20:20:00,1.1352,19729578,1.1349,1.13513,EURUSD,112
1.13507,2018-12-05 20:21:00,1.13516,19729600,1.1349,1.13509,EURUSD,100
1.13498,2018-12-05 20:22:00,1.13506,19729637,1.1348,1.13506,EURUSD,119
1.13495,2018-12-05 20:23:00,1.1351,19729661,1.1348,1.13497,EURUSD,149
1.13501,2018-12-05 20:24:00,1.13501,19729683,1.1348,1.13494,EURUSD,113
1.13487,2018-12-05 20:25:00,1.135,19729717,1.1348,1.135,EURUSD,127
1.13478,2018-12-05 20:26:00,1.135,19729744,1.13469,1.13484,EURUSD,162
1.13484,2018-12-05 20:27:00,1.13497,19729769,1.1346,1.13479,EURUSD,169
1.13479,2018-12-05 20:28:00,1.13495,19729791,1.1346,1.13483,EURUSD,88
1.1347,2018-12-05 20:29:00,1.13482,19729822,1.1346,1.13478,EURUSD,111
1.13464,2018-12-05 20:30:00,1.13482,19729847,1.1344,1.1347,EURUSD,99
1.13466,2018-12-05 20:31:00,1.13469,19729875,1.1344,1.13464,EURUSD,125
1.13464,2018-12-05 20:32:00,1.13472,19729904,1.1345,1.1347,EURUSD,86
1.13462,2018-12-05 20:33:00,1.1347,19729925,1.1344,1.13463,EURUSD,40
1.1344,2018-12-05 20:34:00,1.13463,19729944,1.1344,1.13463,EURUSD,85
1.13462,2018-12-05 20:35:00,1.1347,19729985,1.1344,1.13459,EURUSD,48
1.13451,2018-12-05 20:36:00,1.1347,19730003,1.1344,1.13462,EURUSD,103
1.1343,2018-12-05 20:37:00,1.1346,19730042,1.1343,1.13452,EURUSD,128
1.13465,2018-12-05 20:38:00,1.13472,19730063,1.13436,1.13442,EURUSD,141
1.1347,2018-12-05 20:39:00,1.13471,19730076,1.1344,1.13465,EURUSD,81
1.1344,2018-12-05 20:40:00,1.13465,19730116,1.1343,1.13462,EURUSD,82
1.1346,2018-12-05 20:41:00,1.13469,19730149,1.1344,1.13455,EURUSD,102
1.13466,2018-12-05 20:42:00,1.13466,19730169,1.1344,1.13455,EURUSD,88
1.1347,2018-12-05 20:43:00,1.13471,19730201,1.1345,1.1346,EURUSD,46
1.13465,2018-12-05 20:44:00,1.1347,19730230,1.1344,1.1347,EURUSD,69
1.13473,2018-12-05 20:45:00,1.13475,19730258,1.1345,1.13464,EURUSD,78
1.13475,2018-12-05 20:46:00,1.1348,19730274,1.1346,1.13474,EURUSD,96
1.13472,2018-12-05 20:47:00,1.1348,19730305,1.1346,1.1347,EURUSD,70
1.1348,2018-12-05 20:48:00,1.1348,19730326,1.1346,1.13472,EURUSD,66
1.13471,2018-12-05 20:49:00,1.1348,19730353,1.1346,1.1347,EURUSD,105
1.13474,2018-12-05 20:50:00,1.1348,19730383,1.1345,1.13471,EURUSD,91
1.1348,2018-12-05 20:51:00,1.1348,19730413,1.1346,1.13473,EURUSD,48
1.1348,2018-12-05 20:52:00,1.13481,19730436,1.1345,1.1346,EURUSD,50
1.1346,2018-12-05 20:53:00,1.13481,19730462,1.1346,1.13479,EURUSD,38
1.1347,2018-12-05 20:54:00,1.13491,19730497,1.1346,1.13479,EURUSD,74
1.13478,2018-12-05 20:55:00,1.1349,19730514,1.1346,1.13485,EURUSD,117
1.13474,2018-12-05 20:56:00,1.1349,19730536,1.1346,1.1349,EURUSD,140
1.13494,2018-12-05 20:57:00,1.13494,19730577,1.1346,1.13477,EURUSD,105
1.13483,2018-12-05 20:58:00,1.13504,19730597,1.1347,1.13492,EURUSD,158
1.13477,2018-12-05 20:59:00,1.13498,19730636,1.1347,1.13485,EURUSD,129
1.13475,2018-12-05 21:00:00,1.13492,19730655,1.1346,1.1346,EURUSD,80
1.13472,2018-12-05 21:01:00,1.13486,19730682,1.1346,1.13476,EURUSD,133
1.13489,2018-12-05 21:02:00,1.1349,19730709,1.1346,1.13471,EURUSD,117
1.13489,2018-12-05 21:03:00,1.135,19730731,1.1347,1.1349,EURUSD,66
1.13484,2018-12-05 21:04:00,1.1349,19730763,1.1346,1.13488,EURUSD,104
1.13489,2018-12-05 21:05:00,1.1349,19730789,1.1347,1.1349,EURUSD,32
1.13485,2018-12-05 21:06:00,1.135,19730821,1.1347,1.13489,EURUSD,63
1.13482,2018-12-05 21:07:00,1.13491,19730842,1.1347,1.1349,EURUSD,85
1.13484,2018-12-05 21:08:00,1.13492,19730859,1.1347,1.13483,EURUSD,121
1.13486,2018-12-05 21:09:00,1.1349,19730902,1.1346,1.13484,EURUSD,125
1.13486,2018-12-05 21:10:00,1.1349,19730929,1.1347,1.13487,EURUSD,90
1.13484,2018-12-05 21:11:00,1.1349,19730953,1.1346,1.1349,EURUSD,77
1.13484,2018-12-05 21:12:00,1.1349,19730986,1.1347,1.13487,EURUSD,101
1.1348,2018-12-05 21:13:00,1.1349,19731000,1.1346,1.13488,EURUSD,85
1.1348,2018-12-05 21:14:00,1.1349,19731034,1.1346,1.13475,EURUSD,94
1.1348,2018-12-05 21:15:00,1.1349,19731059,1.1346,1.1348,EURUSD,115
1.13481,2018-12-05 21:16:00,1.1349,19731088,1.1346,1.1347,EURUSD,81
1.13479,2018-12-05 21:17:00,1.1349,19731117,1.1346,1.1348,EURUSD,47
1.1347,2018-12-05 21:18:00,1.13481,19731138,1.1346,1.13479,EURUSD,73
1.13479,2018-12-05 21:19:00,1.1349,19731166,1.1346,1.13479,EURUSD,64
1.135,2018-12-05 21:20:00,1.13502,19731187,1.1346,1.1348,EURUSD,92
1.13486,2018-12-05 21:21:00,1.13511,19731228,1.1348,1.135,EURUSD,155
1.13479,2018-12-05 21:22:00,1.1349,19731252,1.1346,1.13485,EURUSD,126
1.1349,2018-12-05 21:23:00,1.1349,19731277,1.1346,1.1347,EURUSD,76
1.1347,2018-12-05 21:24:00,1.1349,19731304,1.1347,1.13482,EURUSD,70
1.1347,2018-12-05 21:25:00,1.1349,19731333,1.1346,1.13482,EURUSD,119
1.13476,2018-12-05 21:26:00,1.1349,19731360,1.1346,1.13488,EURUSD,117
1.13481,2018-12-05 21:27:00,1.13485,19731378,1.1346,1.13476,EURUSD,74
1.1346,2018-12-05 21:28:00,1.1349,19731412,1.1346,1.1347,EURUSD,45
1.13483,2018-12-05 21:29:00,1.1349,19731442,1.1346,1.13478,EURUSD,77
1.1347,2018-12-05 21:30:00,1.1349,19731461,1.13468,1.13482,EURUSD,62
1.13457,2018-12-05 21:31:00,1.13471,19731485,1.1345,1.13471,EURUSD,139
1.13458,2018-12-05 21:32:00,1.13471,19731520,1.1344,1.13471,EURUSD,60
1.13461,2018-12-05 21:33:00,1.13462,19731546,1.1344,1.13457,EURUSD,82
1.13466,2018-12-05 21:34:00,1.1347,19731579,1.1344,1.1346,EURUSD,51
1.13461,2018-12-05 21:35:00,1.1347,19731601,1.1344,1.13466,EURUSD,89
1.1346,2018-12-05 21:36:00,1.1347,19731617,1.1344,1.13462,EURUSD,94
1.13465,2018-12-05 21:37:00,1.1347,19731661,1.1345,1.13465,EURUSD,16
1.13465,2018-12-05 21:38:00,1.1347,19731686,1.1344,1.13464,EURUSD,38
1.1346,2018-12-05 21:39:00,1.13472,19731703,1.1345,1.13468,EURUSD,66
1.1345,2018-12-05 21:40:00,1.1346,19731735,1.1344,1.13458,EURUSD,20
1.13443,2018-12-05 21:41:00,1.1346,19731767,1.1343,1.13458,EURUSD,86
1.13443,2018-12-05 21:42:00,1.13457,19731790,1.1342,1.13443,EURUSD,21
1.13435,2018-12-05 21:43:00,1.13446,19731821,1.1342,1.1343,EURUSD,65
1.13431,2018-12-05 21:44:00,1.1344,19731839,1.1342,1.13437,EURUSD,73
1.13425,2018-12-05 21:45:00,1.13437,19731865,1.1341,1.13432,EURUSD,133
1.1343,2018-12-05 21:46:00,1.13435,19731902,1.1341,1.13424,EURUSD,103
1.1343,2018-12-05 21:47:00,1.1343,19731924,1.134,1.13429,EURUSD,76
1.1342,2018-12-05 21:48:00,1.13441,19731957,1.1341,1.13428,EURUSD,49
1.13427,2018-12-05 21:49:00,1.13444,19731974,1.1342,1.1344,EURUSD,112
1.13424,2018-12-05 21:50:00,1.13431,19731995,1.1341,1.13428,EURUSD,64
1.13426,2018-12-05 21:51:00,1.13431,19732027,1.1341,1.1341,EURUSD,65
1.13434,2018-12-05 21:52:00,1.1344,19732057,1.1342,1.1343,EURUSD,77
1.13431,2018-12-05 21:53:00,1.13435,19732086,1.1341,1.1343,EURUSD,53
1.13426,2018-12-05 21:54:00,1.1344,19732102,1.1342,1.1343,EURUSD,67
1.13422,2018-12-05 21:55:00,1.13436,19732144,1.1341,1.13426,EURUSD,73
1.1343,2018-12-05 21:56:00,1.13434,19732164,1.1341,1.13424,EURUSD,74
1.13434,2018-12-05 21:57:00,1.1344,19732190,1.1341,1.1343,EURUSD,79
1.13435,2018-12-05 21:58:00,1.1344,19732227,1.1341,1.1343,EURUSD,124
1.13439,2018-12-05 21:59:00,1.1344,19732248,1.1341,1.13434,EURUSD,95
1.13428,2018-12-05 22:00:00,1.1345,19732268,1.1342,1.13438,EURUSD,177
1.1342,2018-12-05 22:01:00,1.13444,19732304,1.134,1.13425,EURUSD,137
1.1342,2018-12-05 22:02:00,1.13424,19732330,1.1339,1.13408,EURUSD,117
1.1343,2018-12-05 22:03:00,1.13441,19732357,1.1341,1.13424,EURUSD,163
1.13437,2018-12-05 22:04:00,1.13441,19732386,1.1341,1.13435,EURUSD,100
1.13435,2018-12-05 22:05:00,1.1344,19732415,1.1341,1.13438,EURUSD,76
1.13432,2018-12-05 22:06:00,1.13441,19732426,1.1342,1.1344,EURUSD,94
1.13436,2018-12-05 22:07:00,1.1344,19732469,1.1342,1.13431,EURUSD,64
1.13445,2018-12-05 22:08:00,1.1345,19732498,1.1342,1.1342,EURUSD,77
1.1344,2018-12-05 22:09:00,1.1345,19732520,1.1343,1.13446,EURUSD,74
1.1343,2018-12-05 22:10:00,1.1345,19732533,1.1342,1.13441,EURUSD,64
1.1342,2018-12-05 22:11:00,1.13443,19732569,1.13419,1.1344,EURUSD,100
1.1343,2018-12-05 22:12:00,1.1345,19732604,1.1342,1.13443,EURUSD,64
1.13443,2018-12-05 22:13:00,1.13448,19732618,1.1342,1.13438,EURUSD,67
1.1342,2018-12-05 22:14:00,1.13443,19732645,1.1342,1.13443,EURUSD,66
1.1341,2018-12-05 22:15:00,1.13445,19732683,1.1341,1.13427,EURUSD,65
1.1344,2018-12-05 22:16:00,1.13443,19732705,1.1341,1.13425,EURUSD,96
1.13431,2018-12-05 22:17:00,1.13441,19732732,1.1342,1.1344,EURUSD,126
1.1341,2018-12-05 22:18:00,1.1344,19732756,1.1341,1.13433,EURUSD,79
1.13432,2018-12-05 22:19:00,1.1344,19732790,1.1341,1.1342,EURUSD,82
1.1345,2018-12-05 22:20:00,1.1345,19732811,1.1342,1.13432,EURUSD,96
1.1345,2018-12-05 22:21:00,1.1345,19732835,1.1343,1.13443,EURUSD,79
1.13447,2018-12-05 22:22:00,1.1345,19732867,1.1343,1.1344,EURUSD,39
1.13444,2018-12-05 22:23:00,1.13451,19732887,1.1343,1.13446,EURUSD,103
1.13441,2018-12-05 22:24:00,1.1345,19732930,1.1342,1.13445,EURUSD,81
1.1345,2018-12-05 22:25:00,1.13451,19732950,1.1342,1.13442,EURUSD,66
1.13452,2018-12-05 22:26:00,1.1346,19732982,1.1343,1.13452,EURUSD,68
1.1343,2018-12-05 22:27:00,1.1346,19732997,1.1342,1.13452,EURUSD,67
1.13429,2018-12-05 22:28:00,1.1345,19733015,1.1341,1.13434,EURUSD,88
1.13432,2018-12-05 22:29:00,1.13441,19733055,1.1341,1.1341,EURUSD,87
1.13427,2018-12-05 22:30:00,1.1344,19733077,1.1341,1.13431,EURUSD,91
1.13426,2018-12-05 22:31:00,1.13431,19733109,1.1341,1.13428,EURUSD,84
1.13429,2018-12-05 22:32:00,1.13431,19733131,1.1341,1.13426,EURUSD,45
1.1343,2018-12-05 22:33:00,1.1344,19733164,1.1341,1.1342,EURUSD,75
1.13429,2018-12-05 22:34:00,1.13433,19733190,1.1341,1.13432,EURUSD,68
1.13427,2018-12-05 22:35:00,1.1344,19733224,1.1341,1.13429,EURUSD,68
1.1343,2018-12-05 22:36:00,1.13432,19733250,1.1341,1.13426,EURUSD,54
1.1343,2018-12-05 22:37:00,1.13432,19733273,1.134,1.13431,EURUSD,84
1.13422,2018-12-05 22:38:00,1.1343,19733303,1.134,1.13425,EURUSD,77
1.13423,2018-12-05 22:39:00,1.1343,19733325,1.134,1.13421,EURUSD,54
1.1342,2018-12-05 22:40:00,1.13426,19733358,1.134,1.13421,EURUSD,76
1.13425,2018-12-05 22:41:00,1.13432,19733388,1.1341,1.13423,EURUSD,60
1.13424,2018-12-05 22:42:00,1.13431,19733415,1.1341,1.13424,EURUSD,77
1.1342,2018-12-05 22:43:00,1.1343,19733443,1.134,1.13423,EURUSD,89
1.1341,2018-12-05 22:44:00,1.1343,19733466,1.134,1.1342,EURUSD,71
1.13431,2018-12-05 22:45:00,1.13434,19733481,1.1341,1.13428,EURUSD,91
1.13419,2018-12-05 22:46:00,1.1344,19733518,1.1341,1.1343,EURUSD,68
1.13419,2018-12-05 22:47:00,1.13424,19733544,1.134,1.13419,EURUSD,78
1.1343,2018-12-05 22:48:00,1.1343,19733567,1.134,1.13418,EURUSD,70
1.1342,2018-12-05 22:49:00,1.1343,19733596,1.1341,1.13424,EURUSD,75
1.13417,2018-12-05 22:50:00,1.1343,19733630,1.134,1.13423,EURUSD,61
1.13431,2018-12-05 22:51:00,1.13435,19733659,1.134,1.13419,EURUSD,120
1.1342,2018-12-05 22:52:00,1.13436,19733681,1.1341,1.13434,EURUSD,104
1.13432,2018-12-05 22:53:00,1.13432,19733712,1.1341,1.13428,EURUSD,82
1.1342,2018-12-05 22:54:00,1.13431,19733732,1.134,1.13431,EURUSD,109
1.13432,2018-12-05 22:55:00,1.13432,19733764,1.134,1.13421,EURUSD,93
1.13427,2018-12-05 22:56:00,1.13435,19733789,1.1341,1.13431,EURUSD,57
1.13427,2018-12-05 22:57:00,1.13434,19733808,1.1341,1.13427,EURUSD,47
1.13422,2018-12-05 22:58:00,1.13432,19733839,1.1341,1.1342,EURUSD,88
1.1342,2018-12-05 22:59:00,1.1343,19733869,1.1341,1.13424,EURUSD,73
1.13425,2018-12-05 23:00:00,1.13427,19733899,1.134,1.1341,EURUSD,66
1.13419,2018-12-05 23:01:00,1.1343,19733919,1.134,1.13425,EURUSD,89
1.13413,2018-12-05 23:02:00,1.13423,19733956,1.134,1.1342,EURUSD,82
1.13403,2018-12-05 23:03:00,1.13415,19733979,1.1339,1.1339,EURUSD,81
1.13409,2018-12-05 23:04:00,1.13411,19733992,1.1338,1.13401,EURUSD,77
1.1341,2018-12-05 23:05:00,1.1342,19734026,1.1339,1.13408,EURUSD,50
1.13402,2018-12-05 23:06:00,1.1342,19734057,1.1338,1.13413,EURUSD,134
1.1341,2018-12-05 23:07:00,1.13414,19734070,1.1339,1.13405,EURUSD,92
1.1341,2018-12-05 23:08:00,1.13413,19734107,1.1339,1.13411,EURUSD,86
1.134,2018-12-05 23:09:00,1.1342,19734130,1.1339,1.13409,EURUSD,77
1.1342,2018-12-05 23:10:00,1.13422,19734160,1.134,1.13419,EURUSD,54
1.13423,2018-12-05 23:11:00,1.13424,19734195,1.134,1.134,EURUSD,73
1.13423,2018-12-05 23:12:00,1.1343,19734219,1.134,1.13422,EURUSD,60
1.13424,2018-12-05 23:13:00,1.1343,19734238,1.134,1.13422,EURUSD,60
1.13425,2018-12-05 23:14:00,1.13431,19734265,1.1341,1.1343,EURUSD,84
1.13424,2018-12-05 23:15:00,1.13435,19734302,1.1341,1.1341,EURUSD,62
1.1342,2018-12-05 23:16:00,1.1343,19734329,1.1341,1.13425,EURUSD,57
1.13414,2018-12-05 23:17:00,1.1343,19734355,1.134,1.1342,EURUSD,49
1.1342,2018-12-05 23:18:00,1.1343,19734384,1.134,1.13415,EURUSD,70
1.1343,2018-12-05 23:19:00,1.13432,19734411,1.1341,1.13425,EURUSD,103
1.1343,2018-12-05 23:20:00,1.13434,19734434,1.1341,1.13431,EURUSD,63
1.13435,2018-12-05 23:21:00,1.1344,19734456,1.1341,1.1342,EURUSD,74
1.1344,2018-12-05 23:22:00,1.1344,19734479,1.1342,1.13438,EURUSD,94
1.13462,2018-12-05 23:23:00,1.13464,19734508,1.1343,1.1344,EURUSD,87
1.13462,2018-12-05 23:24:00,1.1347,19734543,1.1344,1.1346,EURUSD,98
1.13451,2018-12-05 23:25:00,1.13464,19734557,1.1344,1.1346,EURUSD,83
1.13454,2018-12-05 23:26:00,1.1346,19734596,1.1344,1.13452,EURUSD,94
1.1346,2018-12-05 23:27:00,1.13467,19734622,1.1344,1.1344,EURUSD,111
1.1346,2018-12-05 23:28:00,1.1346,19734636,1.1344,1.13459,EURUSD,56
1.13455,2018-12-05 23:29:00,1.13462,19734674,1.1344,1.1345,EURUSD,52
1.13459,2018-12-05 23:30:00,1.13461,19734687,1.1344,1.13454,EURUSD,56
1.13449,2018-12-05 23:31:00,1.1346,19734717,1.1344,1.1346,EURUSD,65
1.1344,2018-12-05 23:32:00,1.13459,19734762,1.1343,1.13451,EURUSD,75
1.1344,2018-12-05 23:33:00,1.1345,19734782,1.1342,1.1343,EURUSD,44
1.13428,2018-12-05 23:34:00,1.13449,19734809,1.1341,1.1342,EURUSD,64
1.13438,2018-12-05 23:35:00,1.13439,19734845,1.1341,1.1343,EURUSD,81
1.13439,2018-12-05 23:36:00,1.13444,19734861,1.1342,1.13436,EURUSD,72
1.13445,2018-12-05 23:37:00,1.1345,19734894,1.1342,1.13438,EURUSD,81
1.13454,2018-12-05 23:38:00,1.13455,19734921,1.1343,1.13444,EURUSD,72
1.13449,2018-12-05 23:39:00,1.13461,19734950,1.13437,1.13453,EURUSD,62
1.1344,2018-12-05 23:40:00,1.13456,19734961,1.1342,1.13448,EURUSD,85
1.13431,2018-12-05 23:41:00,1.13445,19735000,1.1342,1.13441,EURUSD,85
1.1342,2018-12-05 23:42:00,1.13439,19735022,1.1341,1.13433,EURUSD,27
1.1342,2018-12-05 23:43:00,1.1344,19735050,1.1341,1.13431,EURUSD,35
1.1342,2018-12-05 23:44:00,1.1344,19735076,1.1341,1.13431,EURUSD,72
1.13439,2018-12-05 23:45:00,1.1344,19735106,1.1342,1.13439,EURUSD,48
1.13438,2018-12-05 23:46:00,1.1344,19735132,1.1342,1.13438,EURUSD,60
1.13439,2018-12-05 23:47:00,1.13442,19735164,1.1342,1.13442,EURUSD,67
1.13444,2018-12-05 23:48:00,1.1345,19735181,1.1342,1.1344,EURUSD,85
1.13436,2018-12-05 23:49:00,1.1345,19735208,1.1342,1.13444,EURUSD,116
1.13428,2018-12-05 23:50:00,1.13445,19735235,1.1342,1.1344,EURUSD,125
1.13433,2018-12-05 23:51:00,1.13441,19735269,1.1341,1.13428,EURUSD,133
1.13422,2018-12-05 23:52:00,1.1344,19735299,1.1341,1.13433,EURUSD,48
1.13423,2018-12-05 23:53:00,1.13436,19735323,1.1341,1.13429,EURUSD,49
1.13428,2018-12-05 23:54:00,1.13434,19735346,1.1341,1.13427,EURUSD,103
1.13424,2018-12-05 23:55:00,1.13435,19735373,1.1341,1.13428,EURUSD,73
1.1345,2018-12-05 23:56:00,1.1345,19735407,1.1341,1.13432,EURUSD,74
1.13454,2018-12-05 23:57:00,1.1346,19735428,1.1343,1.13445,EURUSD,65
1.1344,2018-12-05 23:58:00,1.1346,19735455,1.1344,1.13456,EURUSD,58
1.13453,2018-12-05 23:59:00,1.1346,19735481,1.1343,1.13453,EURUSD,78
1.1347,2018-12-06 00:00:00,1.13473,19735520,1.1344,1.1345,EURUSD,103
1.13463,2018-12-06 00:01:00,1.13474,19735539,1.1345,1.13474,EURUSD,77
1.1345,2018-12-06 00:02:00,1.1347,19735569,1.1345,1.13464,EURUSD,45
1.13468,2018-12-06 00:03:00,1.1347,19735602,1.1345,1.13464,EURUSD,60
1.13468,2018-12-06 00:04:00,1.1347,19735614,1.1345,1.13469,EURUSD,41
1.13487,2018-12-06 00:05:00,1.1349,19735640,1.1346,1.1347,EURUSD,76
1.1347,2018-12-06 00:06:00,1.1349,19735662,1.1346,1.13486,EURUSD,97
1.13475,2018-12-06 00:07:00,1.13481,19735695,1.1346,1.13475,EURUSD,76
1.13474,2018-12-06 00:08:00,1.13484,19735725,1.1346,1.13476,EURUSD,91
1.13473,2018-12-06 00:09:00,1.1348,19735747,1.1346,1.13475,EURUSD,106
1.1346,2018-12-06 00:10:00,1.1348,19735782,1.1345,1.1348,EURUSD,67
1.1347,2018-12-06 00:11:00,1.1348,19735809,1.1345,1.13469,EURUSD,67
1.13476,2018-12-06 00:12:00,1.13481,19735827,1.1346,1.13472,EURUSD,79
1.13499,2018-12-06 00:13:00,1.13516,19735856,1.1347,1.1348,EURUSD,157
1.1349,2018-12-06 00:14:00,1.13505,19735885,1.1348,1.135,EURUSD,128
1.135,2018-12-06 00:15:00,1.13505,19735925,1.1347,1.13492,EURUSD,108
1.13504,2018-12-06 00:16:00,1.13512,19735950,1.1348,1.135,EURUSD,62
1.135,2018-12-06 00:17:00,1.13526,19735967,1.1349,1.13505,EURUSD,144
1.13505,2018-12-06 00:18:00,1.13511,19736003,1.1349,1.13499,EURUSD,139
1.1349,2018-12-06 00:19:00,1.13511,19736026,1.1349,1.13506,EURUSD,64
1.13492,2018-12-06 00:20:00,1.13504,19736047,1.13487,1.13504,EURUSD,100
1.1349,2018-12-06 00:21:00,1.13503,19736075,1.1348,1.13494,EURUSD,91
1.135,2018-12-06 00:22:00,1.135,19736104,1.1347,1.13491,EURUSD,68
1.13494,2018-12-06 00:23:00,1.13501,19736125,1.1348,1.13498,EURUSD,55
1.13488,2018-12-06 00:24:00,1.135,19736162,1.1347,1.13493,EURUSD,51
1.13486,2018-12-06 00:25:00,1.13491,19736193,1.1347,1.1348,EURUSD,63
1.13489,2018-12-06 00:26:00,1.13491,19736219,1.1347,1.13488,EURUSD,47
1.13492,2018-12-06 00:27:00,1.13494,19736238,1.1347,1.13488,EURUSD,48
1.13493,2018-12-06 00:28:00,1.135,19736268,1.1347,1.13491,EURUSD,23
1.1349,2018-12-06 00:29:00,1.135,19736293,1.1347,1.13494,EURUSD,61
1.13491,2018-12-06 00:30:00,1.135,19736321,1.1347,1.13491,EURUSD,51
1.1349,2018-12-06 00:31:00,1.13493,19736345,1.1347,1.1349,EURUSD,52
1.1349,2018-12-06 00:32:00,1.13494,19736368,1.1347,1.13488,EURUSD,66
1.1348,2018-12-06 00:33:00,1.13493,19736403,1.1348,1.13489,EURUSD,43
1.13485,2018-12-06 00:34:00,1.13494,19736439,1.1347,1.13488,EURUSD,41
1.13485,2018-12-06 00:35:00,1.1349,19736453,1.1347,1.1349,EURUSD,48
1.13483,2018-12-06 00:36:00,1.1349,19736477,1.1346,1.13487,EURUSD,31
1.13478,2018-12-06 00:37:00,1.1349,19736511,1.1346,1.1348,EURUSD,44
1.13477,2018-12-06 00:38:00,1.13485,19736536,1.1346,1.13479,EURUSD,39
1.13477,2018-12-06 00:39:00,1.13482,19736565,1.1346,1.13477,EURUSD,29
1.13473,2018-12-06 00:40:00,1.1348,19736596,1.1345,1.13477,EURUSD,34
1.1346,2018-12-06 00:41:00,1.1348,19736620,1.1345,1.13474,EURUSD,47
1.13495,2018-12-06 00:42:00,1.13495,19736637,1.1345,1.1347,EURUSD,60
1.13479,2018-12-06 00:43:00,1.13494,19736680,1.1347,1.1348,EURUSD,48
1.13494,2018-12-06 00:44:00,1.13495,19736702,1.1347,1.13491,EURUSD,103
1.13489,2018-12-06 00:45:00,1.135,19736728,1.1347,1.13494,EURUSD,89
1.13484,2018-12-06 00:46:00,1.13492,19736749,1.1347,1.13489,EURUSD,89
1.1348,2018-12-06 00:47:00,1.1349,19736784,1.13472,1.13483,EURUSD,56
1.1348,2018-12-06 00:48:00,1.13486,19736812,1.1346,1.1348,EURUSD,57
1.1348,2018-12-06 00:49:00,1.13491,19736831,1.1347,1.13483,EURUSD,49
1.13495,2018-12-06 00:50:00,1.135,19736865,1.1347,1.1349,EURUSD,54
1.13492,2018-12-06 00:51:00,1.135,19736894,1.1347,1.13494,EURUSD,73
1.13483,2018-12-06 00:52:00,1.13496,19736917,1.1347,1.13496,EURUSD,83
1.13463,2018-12-06 00:53:00,1.13494,19736940,1.1345,1.13482,EURUSD,82
1.13476,2018-12-06 00:54:00,1.13481,19736966,1.1345,1.13464,EURUSD,85
1.1348,2018-12-06 00:55:00,1.1349,19736993,1.1346,1.13476,EURUSD,64
1.13464,2018-12-06 00:56:00,1.1349,19737032,1.13457,1.13479,EURUSD,64
1.13468,2018-12-06 00:57:00,1.13481,19737045,1.1345,1.13463,EURUSD,69
1.13453,2018-12-06 00:58:00,1.1347,19737080,1.1344,1.1346,EURUSD,93
1.13439,2018-12-06 00:59:00,1.1347,19737100,1.1343,1.13454,EURUSD,84
1.13455,2018-12-06 01:00:00,1.13456,19737134,1.1343,1.13438,EURUSD,86
1.1344,2018-12-06 01:01:00,1.13456,19737158,1.1342,1.13456,EURUSD,90
1.13437,2018-12-06 01:02:00,1.1345,19737183,1.1342,1.13439,EURUSD,76
1.1341,2018-12-06 01:03:00,1.13442,19737210,1.1341,1.13438,EURUSD,74
1.13433,2018-12-06 01:04:00,1.13442,19737248,1.1341,1.13429,EURUSD,59
1.13429,2018-12-06 01:05:00,1.1344,19737259,1.1341,1.13434,EURUSD,54
1.134,2018-12-06 01:06:00,1.13435,19737288,1.13375,1.13429,EURUSD,223
1.134,2018-12-06 01:07:00,1.13405,19737320,1.1338,1.13403,EURUSD,92
1.1341,2018-12-06 01:08:00,1.1341,19737346,1.1338,1.13399,EURUSD,61
1.13368,2018-12-06 01:09:00,1.1341,19737371,1.13367,1.13405,EURUSD,112
1.13377,2018-12-06 01:10:00,1.1338,19737410,1.1335,1.13369,EURUSD,134
1.13373,2018-12-06 01:11:00,1.1338,19737427,1.1335,1.1335,EURUSD,105
1.13377,2018-12-06 01:12:00,1.1339,19737451,1.1336,1.1338,EURUSD,85
1.13363,2018-12-06 01:13:00,1.13383,19737479,1.1335,1.13375,EURUSD,61
1.13375,2018-12-06 01:14:00,1.13375,19737509,1.1335,1.13365,EURUSD,52
1.13377,2018-12-06 01:15:00,1.13385,19737539,1.1336,1.13372,EURUSD,80
1.13379,2018-12-06 01:16:00,1.13384,19737560,1.1336,1.13378,EURUSD,85
1.13385,2018-12-06 01:17:00,1.1339,19737587,1.1336,1.13378,EURUSD,69
1.13391,2018-12-06 01:18:00,1.13401,19737616,1.1337,1.13385,EURUSD,109
1.13377,2018-12-06 01:19:00,1.13391,19737639,1.1336,1.13391,EURUSD,112
1.1337,2018-12-06 01:20:00,1.1338,19737677,1.1336,1.13378,EURUSD,47
1.1336,2018-12-06 01:21:00,1.13379,19737699,1.1335,1.13374,EURUSD,62
1.1337,2018-12-06 01:22:00,1.13381,19737719,1.1335,1.13365,EURUSD,66
1.1338,2018-12-06 01:23:00,1.13383,19737753,1.1336,1.1338,EURUSD,75
1.13376,2018-12-06 01:24:00,1.13399,19737779,1.1336,1.1338,EURUSD,122
1.13383,2018-12-06 01:25:00,1.13386,19737800,1.1336,1.1338,EURUSD,120
1.13371,2018-12-06 01:26:00,1.13392,19737835,1.1336,1.1338,EURUSD,135
1.1337,2018-12-06 01:27:00,1.1338,19737857,1.1335,1.13369,EURUSD,107
1.1339,2018-12-06 01:28:00,1.13395,19737891,1.1335,1.1336,EURUSD,114
1.13381,2018-12-06 01:29:00,1.13396,19737916,1.1337,1.13389,EURUSD,112
1.13381,2018-12-06 01:30:00,1.1339,19737942,1.1336,1.1339,EURUSD,73
1.1336,2018-12-06 01:31:00,1.1339,19737978,1.1335,1.13378,EURUSD,133
1.1337,2018-12-06 01:32:00,1.1337,19737991,1.1335,1.1336,EURUSD,82
1.13365,2018-12-06 01:33:00,1.1337,19738025,1.1335,1.13367,EURUSD,59
1.13354,2018-12-06 01:34:00,1.1337,19738048,1.1334,1.13364,EURUSD,100
1.1334,2018-12-06 01:35:00,1.1336,19738079,1.1333,1.13353,EURUSD,69
1.1332,2018-12-06 01:36:00,1.1335,19738099,1.1332,1.13339,EURUSD,120
1.13332,2018-12-06 01:37:00,1.13346,19738116,1.1332,1.13339,EURUSD,88
1.13331,2018-12-06 01:38:00,1.13345,19738158,1.1332,1.1332,EURUSD,113
1.13334,2018-12-06 01:39:00,1.13334,19738185,1.1331,1.13334,EURUSD,65
1.13333,2018-12-06 01:40:00,1.1334,19738210,1.1331,1.1331,EURUSD,65
1.13333,2018-12-06 01:41:00,1.1334,19738237,1.1332,1.13332,EURUSD,84
1.13318,2018-12-06 01:42:00,1.1334,19738256,1.133,1.13332,EURUSD,108
1.1331,2018-12-06 01:43:00,1.1333,19738297,1.133,1.13319,EURUSD,104
1.13324,2018-12-06 01:44:00,1.13328,19738325,1.1329,1.13311,EURUSD,146
1.13325,2018-12-06 01:45:00,1.13328,19738345,1.133,1.13325,EURUSD,83
1.13318,2018-12-06 01:46:00,1.1333,19738369,1.133,1.13328,EURUSD,78
1.1331,2018-12-06 01:47:00,1.1333,19738401,1.13302,1.13318,EURUSD,92
1.13297,2018-12-06 01:48:00,1.13325,19738432,1.1329,1.13311,EURUSD,132
1.13283,2018-12-06 01:49:00,1.13304,19738462,1.1327,1.13295,EURUSD,218
1.13324,2018-12-06 01:50:00,1.13324,19738481,1.1326,1.1328,EURUSD,161
1.13332,2018-12-06 01:51:00,1.13348,19738508,1.1329,1.13325,EURUSD,123
1.13334,2018-12-06 01:52:00,1.1334,19738541,1.1331,1.13332,EURUSD,113
1.13333,2018-12-06 01:53:00,1.1334,19738564,1.1331,1.13338,EURUSD,74
1.1332,2018-12-06 01:54:00,1.1334,19738594,1.1332,1.1334,EURUSD,74
1.13341,2018-12-06 01:55:00,1.13343,19738616,1.1332,1.13336,EURUSD,101
1.1332,2018-12-06 01:56:00,1.13343,19738650,1.1332,1.1334,EURUSD,89
1.13339,2018-12-06 01:57:00,1.13342,19738663,1.1331,1.13334,EURUSD,70
1.13346,2018-12-06 01:58:00,1.13352,19738699,1.1332,1.13336,EURUSD,107
1.1334,2018-12-06 01:59:00,1.13351,19738719,1.1332,1.1335,EURUSD,93
1.13319,2018-12-06 02:00:00,1.13345,19738752,1.1331,1.13331,EURUSD,71
1.1335,2018-12-06 02:01:00,1.13351,19738767,1.1331,1.1332,EURUSD,153
1.1334,2018-12-06 02:02:00,1.13353,19738808,1.1332,1.13349,EURUSD,189
1.13317,2018-12-06 02:03:00,1.13345,19738828,1.133,1.1334,EURUSD,225
1.13295,2018-12-06 02:04:00,1.13321,19738854,1.13287,1.13319,EURUSD,110
1.13297,2018-12-06 02:05:00,1.133,19738885,1.1327,1.13293,EURUSD,112
1.1328,2018-12-06 02:06:00,1.13304,19738922,1.1328,1.13298,EURUSD,155
1.13296,2018-12-06 02:07:00,1.13304,19738940,1.1327,1.13298,EURUSD,91
1.13274,2018-12-06 02:08:00,1.13304,19738965,1.1327,1.13295,EURUSD,121
1.1327,2018-12-06 02:09:00,1.13291,19738991,1.1325,1.13277,EURUSD,200
1.13301,2018-12-06 02:10:00,1.13314,19739009,1.1326,1.13278,EURUSD,195
1.13304,2018-12-06 02:11:00,1.13305,19739058,1.1327,1.133,EURUSD,169
1.13296,2018-12-06 02:12:00,1.13307,19739071,1.1328,1.13301,EURUSD,96
1.1329,2018-12-06 02:13:00,1.133,19739106,1.1327,1.13297,EURUSD,144
1.1327,2018-12-06 02:14:00,1.133,19739130,1.1324,1.13298,EURUSD,207
1.13314,2018-12-06 02:15:00,1.13321,19739155,1.1325,1.13269,EURUSD,216
1.13298,2018-12-06 02:16:00,1.1332,19739181,1.1329,1.133,EURUSD,174
1.13335,2018-12-06 02:17:00,1.13339,19739211,1.1328,1.133,EURUSD,175
1.13309,2018-12-06 02:18:00,1.1334,19739236,1.133,1.13334,EURUSD,227
1.13393,2018-12-06 02:19:00,1.13408,19739252,1.13311,1.13311,EURUSD,395
1.1334,2018-12-06 02:20:00,1.1339,19739284,1.1334,1.13389,EURUSD,253
1.1336,2018-12-06 02:21:00,1.13377,19739321,1.1334,1.13363,EURUSD,226
1.13344,2018-12-06 02:22:00,1.13362,19739344,1.1333,1.1336,EURUSD,204
1.13337,2018-12-06 02:23:00,1.13361,19739366,1.13327,1.13342,EURUSD,187
1.13315,2018-12-06 02:24:00,1.13352,19739408,1.1331,1.1334,EURUSD,198
1.13292,2018-12-06 02:25:00,1.13312,19739422,1.13275,1.13309,EURUSD,258
1.13301,2018-12-06 02:26:00,1.13316,19739454,1.1327,1.13294,EURUSD,251
1.13328,2018-12-06 02:27:00,1.13331,19739474,1.1328,1.1328,EURUSD,183
1.13304,2018-12-06 02:28:00,1.1333,19739501,1.13296,1.13328,EURUSD,168
1.13299,2018-12-06 02:29:00,1.13313,19739537,1.1329,1.13304,EURUSD,156
1.13279,2018-12-06 02:30:00,1.13305,19739569,1.13275,1.1329,EURUSD,208
1.13273,2018-12-06 02:31:00,1.1329,19739582,1.1324,1.13281,EURUSD,252
1.13275,2018-12-06 02:32:00,1.13283,19739617,1.1325,1.13274,EURUSD,216
1.1328,2018-12-06 02:33:00,1.1329,19739644,1.1326,1.13276,EURUSD,91
1.13272,2018-12-06 02:34:00,1.13283,19739675,1.1326,1.1328,EURUSD,99
1.13261,2018-12-06 02:35:00,1.13281,19739696,1.1324,1.1327,EURUSD,156
1.1329,2018-12-06 02:36:00,1.13292,19739720,1.1324,1.13259,EURUSD,158
1.133,2018-12-06 02:37:00,1.133,19739748,1.1327,1.13292,EURUSD,90
1.13288,2018-12-06 02:38:00,1.133,19739786,1.1328,1.13296,EURUSD,108
1.13315,2018-12-06 02:39:00,1.13326,19739806,1.1329,1.1329,EURUSD,157
1.13312,2018-12-06 02:40:00,1.1332,19739835,1.1329,1.13313,EURUSD,118
1.13314,2018-12-06 02:41:00,1.13326,19739863,1.133,1.13313,EURUSD,119
1.13297,2018-12-06 02:42:00,1.13329,19739882,1.13297,1.13314,EURUSD,138
1.13296,2018-12-06 02:43:00,1.1333,19739916,1.1328,1.13301,EURUSD,161
1.13282,2018-12-06 02:44:00,1.13317,19739946,1.1327,1.13305,EURUSD,184
1.13281,2018-12-06 02:45:00,1.13298,19739975,1.1326,1.1328,EURUSD,143
1.1329,2018-12-06 02:46:00,1.13293,19740002,1.1327,1.13282,EURUSD,183
1.1329,2018-12-06 02:47:00,1.13304,19740018,1.1327,1.13287,EURUSD,153
1.13316,2018-12-06 02:48:00,1.1332,19740046,1.1328,1.13304,EURUSD,145
1.13315,2018-12-06 02:49:00,1.13333,19740083,1.1331,1.1331,EURUSD,168
1.13341,2018-12-06 02:50:00,1.13341,19740100,1.1331,1.13316,EURUSD,160
1.1333,2018-12-06 02:51:00,1.13346,19740136,1.1332,1.13341,EURUSD,107
1.13334,2018-12-06 02:52:00,1.13342,19740154,1.1331,1.13334,EURUSD,136
1.13334,2018-12-06 02:53:00,1.1334,19740180,1.1331,1.13334,EURUSD,113
1.13336,2018-12-06 02:54:00,1.1334,19740209,1.1331,1.1334,EURUSD,125
1.13337,2018-12-06 02:55:00,1.13342,19740244,1.1332,1.13337,EURUSD,121
1.13303,2018-12-06 02:56:00,1.13341,19740262,1.13303,1.13335,EURUSD,128
1.13295,2018-12-06 02:57:00,1.13312,19740296,1.13284,1.13309,EURUSD,183
1.13287,2018-12-06 02:58:00,1.13306,19740316,1.1327,1.1329,EURUSD,204
1.13295,2018-12-06 02:59:00,1.13305,19740338,1.1326,1.13286,EURUSD,187
1.13245,2018-12-06 03:00:00,1.13296,19740370,1.13244,1.13294,EURUSD,196
1.13251,2018-12-06 03:01:00,1.13258,19740399,1.13207,1.13243,EURUSD,328
1.13257,2018-12-06 03:02:00,1.13258,19740417,1.1322,1.13249,EURUSD,220
1.1328,2018-12-06 03:03:00,1.13282,19740444,1.1323,1.13256,EURUSD,241
1.13294,2018-12-06 03:04:00,1.13301,19740474,1.1326,1.13281,EURUSD,191
1.133,2018-12-06 03:05:00,1.1331,19740513,1.1328,1.13296,EURUSD,164
1.13273,2018-12-06 03:06:00,1.13303,19740541,1.1326,1.1328,EURUSD,173
1.1331,2018-12-06 03:07:00,1.1331,19740561,1.1326,1.13273,EURUSD,210
1.13267,2018-12-06 03:08:00,1.13314,19740576,1.13267,1.13313,EURUSD,189
1.13262,2018-12-06 03:09:00,1.13285,19740611,1.1325,1.13276,EURUSD,193
1.13268,2018-12-06 03:10:00,1.13275,19740643,1.1324,1.13261,EURUSD,179
1.1326,2018-12-06 03:11:00,1.13276,19740662,1.1325,1.13265,EURUSD,167
1.1324,2018-12-06 03:12:00,1.13279,19740695,1.1323,1.13264,EURUSD,250
1.1325,2018-12-06 03:13:00,1.13268,19740718,1.1323,1.13255,EURUSD,197
1.13233,2018-12-06 03:14:00,1.13266,19740733,1.13228,1.1325,EURUSD,155
1.1329,2018-12-06 03:15:00,1.13297,19740775,1.1323,1.13237,EURUSD,265
1.13285,2018-12-06 03:16:00,1.133,19740806,1.1326,1.13291,EURUSD,188
1.13284,2018-12-06 03:17:00,1.133,19740829,1.1327,1.13286,EURUSD,139
1.13311,2018-12-06 03:18:00,1.13312,19740862,1.1327,1.1329,EURUSD,174
1.13291,2018-12-06 03:19:00,1.13323,19740887,1.1329,1.13313,EURUSD,163
1.13294,2018-12-06 03:20:00,1.13317,19740912,1.1328,1.133,EURUSD,174
1.13304,2018-12-06 03:21:00,1.13312,19740933,1.1328,1.133,EURUSD,99
1.13309,2018-12-06 03:22:00,1.1332,19740963,1.1329,1.1329,EURUSD,166
1.13282,2018-12-06 03:23:00,1.13314,19740987,1.13278,1.1331,EURUSD,195
1.13271,2018-12-06 03:24:00,1.1329,19741016,1.1326,1.13283,EURUSD,134
1.13254,2018-12-06 03:25:00,1.13276,19741038,1.1324,1.13269,EURUSD,111
1.13247,2018-12-06 03:26:00,1.1326,19741072,1.1323,1.13256,EURUSD,126
1.13223,2018-12-06 03:27:00,1.1326,19741100,1.13215,1.1324,EURUSD,194
1.1323,2018-12-06 03:28:00,1.13262,19741136,1.1322,1.13224,EURUSD,232
1.1323,2018-12-06 03:29:00,1.13238,19741148,1.1321,1.13236,EURUSD,148
1.1325,2018-12-06 03:30:00,1.13267,19741176,1.1322,1.13238,EURUSD,182
1.13238,2018-12-06 03:31:00,1.13255,19741196,1.1323,1.13251,EURUSD,172
1.13246,2018-12-06 03:32:00,1.13249,19741232,1.1322,1.13238,EURUSD,180
1.13272,2018-12-06 03:33:00,1.13272,19741260,1.1322,1.1322,EURUSD,143
1.13287,2018-12-06 03:34:00,1.13293,19741290,1.1325,1.13267,EURUSD,178
1.1329,2018-12-06 03:35:00,1.13301,19741312,1.13263,1.13289,EURUSD,183
1.13285,2018-12-06 03:36:00,1.13306,19741341,1.1327,1.13293,EURUSD,172
1.13275,2018-12-06 03:37:00,1.13302,19741366,1.13275,1.13292,EURUSD,150
1.13284,2018-12-06 03:38:00,1.13301,19741397,1.1326,1.13281,EURUSD,90
1.13289,2018-12-06 03:39:00,1.13304,19741427,1.1327,1.13284,EURUSD,142
1.13304,2018-12-06 03:40:00,1.13312,19741442,1.1328,1.13297,EURUSD,104
1.13326,2018-12-06 03:41:00,1.13333,19741486,1.1329,1.13309,EURUSD,204
1.13332,2018-12-06 03:42:00,1.13341,19741495,1.1331,1.13327,EURUSD,179
1.13334,2018-12-06 03:43:00,1.13344,19741523,1.1332,1.1333,EURUSD,150
1.13304,2018-12-06 03:44:00,1.1334,19741557,1.133,1.13335,EURUSD,168
1.1332,2018-12-06 03:45:00,1.1333,19741578,1.1329,1.13311,EURUSD,138
1.13301,2018-12-06 03:46:00,1.1333,19741601,1.133,1.1333,EURUSD,189
1.13304,2018-12-06 03:47:00,1.13321,19741632,1.1329,1.13302,EURUSD,170
1.13295,2018-12-06 03:48:00,1.13312,19741663,1.1328,1.13311,EURUSD,158
1.13282,2018-12-06 03:49:00,1.13312,19741701,1.1328,1.13301,EURUSD,178
1.1328,2018-12-06 03:50:00,1.13305,19741718,1.1327,1.13285,EURUSD,174
1.13315,2018-12-06 03:51:00,1.13321,19741745,1.1328,1.13286,EURUSD,195
1.13294,2018-12-06 03:52:00,1.13316,19741769,1.13288,1.13315,EURUSD,158
1.13304,2018-12-06 03:53:00,1.1331,19741798,1.1328,1.13296,EURUSD,183
1.13299,2018-12-06 03:54:00,1.13313,19741817,1.1328,1.13305,EURUSD,138
1.13339,2018-12-06 03:55:00,1.13339,19741859,1.1328,1.13293,EURUSD,232
1.1332,2018-12-06 03:56:00,1.13346,19741885,1.1332,1.13331,EURUSD,188
1.1333,2018-12-06 03:57:00,1.13345,19741909,1.1332,1.13331,EURUSD,135
1.13339,2018-12-06 03:58:00,1.1334,19741942,1.1332,1.13327,EURUSD,138
1.13361,2018-12-06 03:59:00,1.13383,19741968,1.1333,1.13332,EURUSD,204
1.13339,2018-12-06 04:00:00,1.1337,19741988,1.13339,1.13363,EURUSD,159
1.13329,2018-12-06 04:01:00,1.1334,19742014,1.1331,1.13332,EURUSD,191
1.13338,2018-12-06 04:02:00,1.13348,19742042,1.1332,1.13321,EURUSD,140
1.1328,2018-12-06 04:03:00,1.1335,19742078,1.1327,1.13337,EURUSD,306
1.13274,2018-12-06 04:04:00,1.13312,19742095,1.13256,1.13279,EURUSD,258
1.1324,2018-12-06 04:05:00,1.13281,19742124,1.1323,1.13274,EURUSD,209
1.13283,2018-12-06 04:06:00,1.13288,19742148,1.1323,1.13249,EURUSD,196
1.13294,2018-12-06 04:07:00,1.13296,19742190,1.1326,1.13284,EURUSD,127
1.13293,2018-12-06 04:08:00,1.133,19742215,1.1327,1.13288,EURUSD,179
1.13298,2018-12-06 04:09:00,1.13306,19742236,1.1327,1.13288,EURUSD,211
1.13286,2018-12-06 04:10:00,1.133,19742256,1.1327,1.13295,EURUSD,161
1.13301,2018-12-06 04:11:00,1.13309,19742284,1.1327,1.13286,EURUSD,148
1.13319,2018-12-06 04:12:00,1.13327,19742321,1.1327,1.13293,EURUSD,191
1.13332,2018-12-06 04:13:00,1.13337,19742342,1.133,1.1332,EURUSD,179
1.13341,2018-12-06 04:14:00,1.13347,19742364,1.13324,1.13324,EURUSD,159
1.13344,2018-12-06 04:15:00,1.13359,19742394,1.1332,1.1334,EURUSD,154
1.13367,2018-12-06 04:16:00,1.13372,19742430,1.1333,1.13338,EURUSD,211
1.13351,2018-12-06 04:17:00,1.13373,19742450,1.1334,1.1335,EURUSD,182
1.13357,2018-12-06 04:18:00,1.13362,19742472,1.1334,1.13344,EURUSD,145
1.13364,2018-12-06 04:19:00,1.13379,19742513,1.1335,1.13357,EURUSD,187
1.13371,2018-12-06 04:20:00,1.1338,19742526,1.1334,1.13364,EURUSD,185
1.13389,2018-12-06 04:21:00,1.13401,19742554,1.1335,1.13365,EURUSD,184
1.13392,2018-12-06 04:22:00,1.13404,19742592,1.1338,1.1339,EURUSD,179
1.13386,2018-12-06 04:23:00,1.13396,19742618,1.1337,1.13393,EURUSD,163
